Date,EFX,NTAP,LH,DRI,TSCO,RHI,ADM,RSG,F,EBAY,FDX,ECL,EMR,HSIC,VTR,ALK,LEG,ROST,ITW,ILMN,CB,DLTR,SO,APD,PRU,CNP,NOXL,ESS,CPRT,LMT,MLM,BWA,EMN,EIX,GILD,MMM,TXT
2001-12-31,19.936115264892575,17.35881233215332,40.077781677246094,12.802300453186035,1.8361740112304688,19.21194648742676,9.026527404785156,8.712726593017578,8.661975860595703,6.635913848876953,44.30837631225586,15.838500022888184,15.706439018249512,7.260784149169922,4.654596328735352,6.542126655578613,10.652742385864258,3.29902458190918,21.45978736877441,5.880000114440918,25.699443817138672,10.303333282470703,9.630536079406738,26.619327545166016,18.51911163330078,8.520220756530762,0.1400559991598129,23.42525863647461,3.030833005905152,26.94842338562012,35.31529235839844,5.248593330383301,10.341212272644045,8.12597370147705,3.1975910663604736,33.92790222167969,16.935882568359375
2002-01-31,20.786392211914062,14.247400283813477,40.35042190551758,14.8998441696167,2.005890369415283,18.86656951904297,8.768624305725098,7.591458797454834,8.488651275634766,5.854284763336182,45.73466491699219,16.837995529174805,15.937507629394531,8.998039245605469,4.909587860107422,6.892838954925537,11.222429275512695,3.736083269119263,22.61960792541504,4.224999904632568,24.867319107055664,11.00333309173584,9.494479179382324,26.24480628967285,17.32504653930664,8.05758285522461,0.1400559991598129,21.969776153564453,2.825000047683716,30.58620262145996,30.89710235595703,5.580420017242432,10.64334201812744,8.314321517944336,3.1829943656921387,31.85854148864746,18.72097587585449
2002-02-28,24.78377914428711,12.691696166992188,40.39007568359375,15.290428161621094,2.333470582962036,18.71547508239746,8.744595527648926,7.831419944763184,8.25562858581543,5.162918567657471,49.41565704345703,18.42775154113769,15.948657035827637,8.433333396911621,5.239214897155762,6.980515956878662,11.880119323730469,3.713263750076294,23.31041145324707,3.430000066757202,28.099756240844727,10.68000030517578,9.783353805541992,27.521583557128903,17.057214736938477,6.792553901672363,0.1400559991598129,22.47231674194336,2.1737499237060547,32.6356315612793,31.746620178222656,6.058887004852295,11.661027908325195,8.50267219543457,3.428213834762573,34.03265380859375,19.41539764404297
2002-03-31,22.569772720336918,13.85053539276123,49.173973083496094,14.444427490234377,2.9713902473449707,18.895353317260746,8.378395080566406,8.638555526733398,8.877017974853516,5.267070293426514,44.12903594970703,17.329029083251953,14.785531997680664,9.33137321472168,5.573631763458252,6.886093616485596,12.23774528503418,4.181797504425049,22.91780662536621,4.199999809265137,27.96018409729004,12.713333129882812,10.919610977172852,27.37430000305176,17.91091537475586,8.28822135925293,0.1400559991598129,25.012155532836918,1.923750042915344,36.39037704467773,29.62511444091797,6.308695793151856,11.800997734069824,9.767312049865724,3.028272867202759,36.30379486083984,20.22086334228516
2002-04-30,22.84187126159668,10.326387405395508,48.62869644165039,13.646190643310549,3.010183334350586,17.758464813232422,9.220584869384766,9.170828819274902,9.85405445098877,5.476364612579346,46.0762939453125,18.816858291625977,16.125999450683594,9.721569061279297,5.529904365539551,6.261107444763184,12.24704647064209,4.3414082527160645,22.57768821716309,3.200000047683716,22.235803604125977,13.423333168029783,10.5248384475708,28.57069206237793,19.24448013305664,5.675875663757324,0.1400559991598129,25.084306716918945,2.0537500381469727,35.9617919921875,30.521154403686523,6.502562999725342,12.376330375671388,10.041763305664062,3.4700570106506348,36.37462615966797,19.291643142700195
2002-05-31,17.526153564453125,6.714930534362793,34.00538635253906,12.609009742736816,3.2208468914031982,14.354998588562012,7.414487361907959,7.678717136383057,7.577748775482178,5.662844181060791,43.55308151245117,18.18838882446289,14.20258903503418,8.423528671264648,5.466825485229492,5.28316068649292,10.514476776123049,3.882311820983887,21.04400634765625,2.2249999046325684,20.45393180847168,10.399999618530272,11.218695640563965,25.317169189453125,18.407506942749023,3.356809139251709,0.1400559991598129,24.87723922729492,1.662500023841858,37.15570831298828,29.24688720703125,5.434745788574219,11.97536849975586,7.049685478210449,2.9650204181671143,36.49062347412109,16.31471061706543
2002-06-30,17.98906898498535,5.818017959594727,33.48985290527344,13.162898063659668,3.4245073795318604,11.419236183166504,7.967605590820312,8.202266693115234,5.513136863708496,5.238305568695068,42.84595489501953,16.56852149963379,12.350930213928224,10.34313678741455,5.7419939041137695,3.979231834411621,9.304117202758787,3.6789939403533936,18.673688888549805,1.7200000286102295,19.232688903808597,7.346666812896728,11.354012489318848,24.153308868408203,15.935697555541992,3.389471530914306,0.1400559991598129,24.49425506591797,1.3562500476837158,37.54689025878906,24.951196670532227,5.025722503662109,10.414583206176758,5.3814377784729,3.2627880573272705,32.045379638671875,14.24144172668457
2002-07-31,19.49505424499512,7.119730949401856,23.893001556396484,10.325298309326172,4.093676090240479,12.01646327972412,8.674565315246582,8.978864669799805,4.816987037658691,6.272871971130371,45.51579284667969,19.15723419189453,13.542733192443848,9.837254524230955,4.881337642669678,4.865004062652588,9.802462577819824,4.320031642913818,19.656513214111328,2.039999961853028,19.973169326782227,8.763333320617676,11.850011825561523,25.41241836547852,16.292800903320312,2.8438286781311035,0.0700279995799064,23.51329231262207,1.3337500095367432,33.61627578735352,21.3276424407959,4.569387435913086,9.915271759033203,5.40834379196167,3.38053297996521,36.990455627441406,17.12314796447754
2002-08-31,19.163366317749023,7.937267303466797,23.04038619995117,11.124990463256836,4.051649570465088,11.591931343078612,7.932157039642334,9.15338134765625,5.295271396636963,6.727169990539551,46.44121551513672,19.71381187438965,14.406271934509276,8.823529243469238,5.003666877746582,4.867251396179199,10.610757827758787,4.380489826202393,20.83382797241211,1.684999942779541,19.168500900268555,8.1899995803833,11.3273344039917,24.700942993164062,17.95290184020996,3.4990251064300537,0.0700279995799064,25.57348251342773,1.4800000190734863,33.60101318359375,23.60304450988769,5.12201452255249,10.153403282165527,6.377003192901611,3.308522939682007,36.104618072509766,18.095102310180664
2002-09-30,17.73067283630371,8.580188751220703,26.520238876342773,11.805007934570312,3.9772965908050537,10.908361434936523,7.708268165588379,8.935235977172852,5.241863250732422,7.455236434936523,45.05363082885742,19.63415908813477,13.295695304870604,7.947059154510498,4.959968566894531,4.44459867477417,9.551578521728516,4.031206607818604,19.536134719848636,1.5,19.24036979675293,7.320000171661377,11.3740816116333,23.949806213378903,17.96986961364746,3.0447652339935303,0.0700279995799064,25.387378692626957,1.284999966621399,29.702720642089844,22.47909545898437,5.458297252655029,9.452027320861816,6.635313034057617,3.3961024284362797,36.47063827514648,16.23044776916504
2002-10-31,15.89990520477295,8.429380416870117,27.531478881835938,9.688807487487791,3.5635132789611816,9.63475513458252,7.00739860534668,8.320068359375,4.78729772567749,7.778599739074707,44.02577209472656,19.53459358215332,13.450722694396973,7.843136787414551,5.362998008728027,4.0803985595703125,9.012523651123049,3.5410993099212646,19.13460922241211,1.2050000429153442,18.103574752807617,6.883333206176758,11.390233039855955,22.395530700683597,16.985679626464844,2.0313003063201904,0.0700279995799064,25.62376976013184,0.9762499928474426,26.66544342041016,21.34546661376953,5.3227314949035645,8.888716697692871,6.651457786560059,3.308522939682007,36.90312576293945,15.207636833190918
2002-11-30,16.57138442993164,8.881805419921875,29.39533233642578,9.710566520690918,3.5581259727478027,9.577197074890137,6.943114280700684,8.656005859375,4.326982021331787,8.462031364440918,47.21515274047852,19.70498275756836,12.959222793579102,8.84313678741455,5.184233665466309,3.520608425140381,8.70798397064209,3.73776912689209,18.75005149841309,1.1299999952316284,19.023408889770508,6.633333206176758,11.483101844787598,24.05961799621582,16.54450035095215,3.128596782684326,0.0700279995799064,26.66597366333008,0.959999978542328,27.73273658752441,21.36868095397949,4.876285076141357,8.1255521774292,7.36719274520874,4.086027145385742,38.27480316162109,11.675238609313965
2002-12-31,19.224136352539062,10.524820327758787,29.20696258544922,9.546399116516112,4.56026029586792,11.714261054992676,7.123117446899414,9.362799644470217,5.984572887420654,9.215887069702148,51.339088439941406,20.40800094604492,14.488030433654783,8.454901695251465,5.809916496276856,4.008458137512207,9.83697509765625,3.922017812728882,20.629892349243164,0.9950000047683716,21.737279891967773,8.479999542236328,11.74554443359375,25.01201057434082,18.082992553710938,3.5058038234710693,0.0700279995799064,28.054141998291016,1.0499999523162842,29.190826416015625,22.88562393188477,5.99869441986084,8.557197570800781,7.851515769958496,4.4898600578308105,37.10034942626953,12.538338661193848
2003-01-31,21.571882247924805,12.76313018798828,29.891036987304688,10.34783935546875,5.103356838226318,13.628257751464844,8.31971263885498,9.89070987701416,6.385481357574463,10.31591796875,53.22479248046875,20.50739288330078,14.719005584716797,10.296077728271484,6.898285865783691,4.822289943695068,9.822269439697266,4.452961444854736,21.30659866333008,1.4049999713897705,22.653982162475582,10.59000015258789,12.731016159057615,24.29265022277832,19.03324317932129,3.660961627960205,0.0700279995799064,29.617162704467773,1.1974999904632568,27.815282821655277,26.152761459350582,6.584555149078369,8.996607780456543,8.841702461242676,5.405543804168701,38.167625427246094,16.740192413330078
2003-02-28,19.32343292236328,12.683756828308104,31.49712181091309,10.200637817382812,5.969719886779785,15.621414184570312,8.49425220489502,10.558238983154297,6.486045837402344,10.6432523727417,55.249794006347656,19.79444122314453,15.467920303344728,11.458824157714844,7.535749435424805,5.498982906341553,10.608051300048828,4.71002197265625,22.53614044189453,1.5299999713897705,21.79511833190918,12.243332862854004,11.763165473937988,27.14237594604492,20.124900817871094,3.625025749206543,0.0700279995799064,31.35020637512207,1.1725000143051147,30.604415893554688,29.802173614501957,6.845389366149902,10.311863899230955,8.830937385559082,6.63942813873291,41.487831115722656,18.62786674499512
2003-03-31,18.493274688720703,16.295215606689453,28.453489303588867,10.358746528625488,7.070993423461914,14.03119659423828,8.512385368347168,9.9036865234375,6.315973281860352,10.641267776489258,55.32560729980469,20.28374671936035,15.27990436553955,11.11960792541504,7.920522689819336,6.2543625831604,10.429397583007812,4.814050674438477,21.514877319335938,2.674999952316284,21.98183250427246,11.18333339691162,12.13954734802246,26.4714469909668,21.1317081451416,4.168951034545898,0.0700279995799064,32.84769058227539,1.3574999570846558,27.04806900024414,28.49744415283203,6.956111431121826,9.636031150817873,10.278545379638672,5.453225135803223,41.065879821777344,17.05093765258789
2003-04-30,20.295265197753903,19.597118377685547,35.14551544189453,11.445977210998535,9.06018352508545,16.988550186157227,9.317527770996094,10.170524597167969,7.1713690757751465,11.09556484222412,65.05460357666016,21.6011905670166,16.46978759765625,12.166666984558104,8.651505470275879,6.472432613372803,10.072591781616213,5.199047088623047,23.881977081298828,3.025000095367432,23.922197341918945,12.763333320617676,12.469568252563477,26.653398513793945,21.85570335388184,4.459914207458496,0.0700279995799064,31.365331649780277,1.558750033378601,27.171140670776367,32.03129577636719,8.17812728881836,9.336877822875977,10.606815338134766,5.308233737945557,46.89252471923828,21.476816177368164
2003-05-31,20.3621883392334,16.223779678344727,36.63262939453125,11.49514865875244,8.402865409851074,16.79426383972168,9.92406177520752,11.237693786621094,9.459352493286133,12.817529678344728,58.01029586791992,22.051738739013672,18.91817283630371,13.250980377197266,10.30066204071045,6.135210514068604,10.499222755432127,5.497496604919434,27.324262619018555,3.525000095367432,27.651668548583984,10.023332595825195,12.657865524291992,31.14355087280273,23.948421478271484,4.450586795806885,0.0700279995799064,34.041683197021484,2.075000047683716,30.270212173461918,36.880218505859375,8.741216659545898,11.502975463867188,11.80149745941162,5.671198844909668,50.77198028564453,24.813220977783203
2003-06-30,21.47515296936035,17.08894157409668,38.912872314453125,13.543949127197266,8.344674110412598,16.995746612548828,11.049108505249023,11.895923614501951,8.073357582092285,13.74398136138916,64.64959716796875,23.05276679992676,17.616565704345703,13.97843074798584,13.028325080871582,5.543945789337158,11.576963424682615,6.372573375701904,25.8807373046875,3.75,28.60786437988281,10.286666870117188,12.911425590515137,29.68279266357422,25.674184799194336,5.300833702087402,0.0700279995799064,35.14981842041016,2.716249942779541,27.00449562072754,36.3831672668457,8.73923110961914,12.558229446411133,13.304288864135742,5.395813465118408,49.10522079467773,23.250015258789062
2003-07-31,20.38559913635254,14.771258354187012,39.3986701965332,12.400897026062012,8.394245147705078,19.62210464477539,11.50102710723877,12.664958953857422,9.195669174194336,15.87660312652588,61.85406875610352,24.07896041870117,17.704769134521484,13.817646980285645,10.472914695739746,4.975163459777832,11.034984588623049,6.335123062133789,28.1607666015625,3.755000114440918,29.399168014526367,8.993332862854004,12.323057174682615,29.499202728271484,25.192577362060547,5.004021644592285,0.1400559991598129,32.70811462402344,2.368750095367432,28.223360061645508,34.089508056640625,8.466217041015625,12.525860786437988,12.81680965423584,5.9300408363342285,51.87026977539063,24.13802528381348
2003-08-31,20.61048126220703,17.08894157409668,39.359004974365234,11.24617862701416,9.012771606445312,21.469276428222656,11.039091110229492,12.74472713470459,9.36928653717041,18.24131965637207,70.33145904541016,25.67965316772461,18.81348991394043,12.38039207458496,11.224797248840332,5.366342067718506,13.117928504943848,5.5768141746521,31.401647567749023,3.164999961853028,28.493148803710938,9.143333435058594,12.49016571044922,31.237712860107425,26.643129348754883,5.384477615356445,0.1400559991598129,37.10267639160156,3.337500095367432,30.95527648925781,35.0865592956543,9.044818878173828,13.733236312866213,14.115784645080566,6.519735336303711,54.22237777709961,26.110246658325195
2003-09-30,20.34333229064941,15.930097579956056,41.2327766418457,11.497920036315918,7.504173755645752,17.708093643188477,10.555789947509766,12.308745384216309,8.50447940826416,17.16806983947754,70.5897216796875,24.237712860107425,18.549781799316406,12.21176528930664,13.147666931152344,5.292152404785156,13.20633029937744,4.4165802001953125,29.895252227783203,2.875,25.97945785522461,7.836667060852051,13.164088249206545,31.195993423461918,26.476863861083984,5.1685075759887695,0.1400559991598129,40.03400802612305,2.7149999141693115,32.09794998168945,35.7657356262207,9.271045684814451,13.822357177734377,14.838960647583008,6.727005481719971,49.84206008911133,27.931591033935547
2003-10-31,21.977466583251957,18.2954044342041,43.344482421875,12.762084007263184,6.775739192962647,18.626022338867188,11.22337245941162,13.160243034362791,8.468313217163086,18.239337921142575,73.83665466308594,25.535320281982425,18.442506790161133,12.217646598815918,12.61366844177246,5.570923805236816,13.87486457824707,4.89478063583374,30.605499267578125,2.9549999237060547,27.145606994628903,8.983332633972168,13.003605842590332,32.56079864501953,26.969934463500977,4.894492149353027,0.1400559991598129,39.43830490112305,2.3662500381469727,33.29164123535156,35.98833084106445,8.97057819366455,14.260594367980955,14.745701789855955,7.274858474731445,48.39567947387695,28.4186954498291
2003-11-30,23.05361557006836,23.938804626464844,47.53814697265625,14.942704200744627,6.83608341217041,19.5789852142334,14.063902854919434,13.925270080566406,8.612211227416992,22.27842140197754,81.88470458984375,28.41049575805664,20.033998489379883,12.780391693115234,13.18789768218994,7.020982265472412,14.738959312438965,5.617305755615234,30.95371437072754,3.799999952316284,27.389537811279297,9.276666641235352,14.38364315032959,34.27924728393555,28.43178367614746,5.320160865783691,0.0700279995799064,44.202735900878906,2.700000047683716,36.46474075317383,40.10759735107422,10.401101112365724,16.308963775634766,17.74378776550293,6.70657205581665,48.378700256347656,32.1108512878418
2003-12-31,23.454252243041992,26.36760711669922,49.39208984375,15.205810546875,8.01925277709961,21.317401885986328,14.800260543823242,14.885039329528809,8.89158821105957,23.07988739013672,84.92607879638672,28.604951858520508,21.017406463623047,13.654902458190918,13.497292518615724,7.529065608978271,14.108853340148926,6.0382819175720215,30.536108016967773,4.739999771118164,29.112058639526367,9.59000015258789,14.703865051269531,34.8828239440918,31.92259407043457,5.38690185546875,0.0700279995799064,46.438568115234375,3.289999961853028,33.294166564941406,42.829345703125,11.255044937133787,17.455331802368164,17.956151962280273,6.809720993041992,49.88619613647461,32.792266845703125
2004-01-31,23.62118530273437,25.272266387939453,47.43900680541992,16.203453063964844,7.715378761291504,21.976551055908203,16.0540714263916,14.632078170776367,8.059708595275879,16.1682186126709,82.47721862792969,27.39985656738281,20.1599178314209,13.345097541809082,12.606005668640137,6.6972479820251465,14.143587112426758,5.985996723175049,28.658069610595703,4.84499979019165,29.55467987060547,9.076666831970217,14.813532829284668,35.448463439941406,31.312721252441406,5.363063335418701,0.4901959896087646,39.87178039550781,2.872499942779541,34.64870834350586,43.11668395996094,11.184806823730469,16.37287139892578,18.20282745361328,6.441889762878418,51.278167724609375,31.98356819152832
2004-02-29,25.39018440246582,23.81974601745605,47.478660583496094,14.6905517578125,9.178711891174316,21.183015823364254,16.043169021606445,14.072895050048828,7.741482734680176,16.99746322631836,84.31387329101562,25.82019424438477,20.00493812561035,14.184313774108888,12.714335441589355,6.375762939453125,13.73168659210205,5.867130756378174,29.57073211669922,4.135000228881836,30.276535034179688,8.983332633972168,14.23989963531494,37.680912017822266,33.10748291015625,5.759101867675781,0.4201680123806,39.94381713867188,2.9124999046325684,35.64421081542969,46.19974899291992,10.98898696899414,17.45835304260254,18.20843505859375,6.724087715148926,51.27907943725586,34.36967468261719
2004-03-31,25.64082145690918,21.95448875427246,47.78600311279297,16.8173828125,9.407160758972168,19.578125,16.362695693969727,14.912354469299316,6.933674335479736,14.783506393432615,81.0677261352539,26.984249114990234,19.58563804626465,14.054902076721191,12.458836555480955,6.618563175201416,14.406505584716797,6.106009483337402,29.589542388916016,4.039999961853027,28.24458312988281,9.576666831970217,14.111331939697266,38.280548095703125,33.3398323059082,5.830345153808594,0.2100840061903,38.74273300170898,2.944999933242798,36.75170516967773,44.79004669189453,10.141118049621582,17.969221115112305,19.607013702392575,6.9673614501953125,52.34814453125,33.3032112121582
2004-04-30,29.01551628112793,22.827585220336918,48.03385543823242,17.827051162719727,9.573101043701172,18.16091728210449,13.27174472808838,15.803171157836914,6.172900199890137,15.077112197875977,77.1588363647461,26.39640235900879,20.1760368347168,15.86274528503418,14.245804786682127,6.636549472808838,13.289100646972656,5.9069437980651855,27.904003143310547,5.25,29.57914352416992,8.266667366027832,15.222955703735352,36.42970657348633,36.77254486083984,5.9418158531188965,0.2801119983196258,44.85410690307617,3.098750114440918,39.20702362060547,49.057865142822266,11.171222686767578,17.9022159576416,20.75339126586914,7.940457344055176,47.08238220214844,34.49484634399414
2004-05-31,29.86867332458496,22.438661575317383,49.47140121459961,18.10147857666016,10.581703186035156,18.182764053344727,14.294702529907228,16.093326568603516,6.333717346191406,13.09725284576416,69.96424102783203,26.49224090576172,19.01045799255371,16.282352447509766,15.264878273010254,6.68825626373291,13.341596603393556,6.068250179290772,26.426610946655277,6.034999847412109,30.855758666992188,8.0,15.545798301696776,36.66593933105469,38.13750457763672,6.438314914703369,0.3151260018348694,47.02151870727539,2.977499961853028,39.19493865966797,55.54264831542969,11.215106010437012,16.92740821838379,23.043333053588867,8.561291694641113,44.41037368774414,34.00709915161133
2004-06-30,27.668516159057617,18.83514213562012,48.89638137817383,17.239768981933594,11.090314865112305,24.57691764831543,15.11239242553711,16.19165802001953,6.223814487457275,16.065059661865234,70.3355941772461,27.01620101928711,20.546422958374023,16.34902000427246,15.745067596435549,7.580774784088135,12.151989936828612,5.222370624542236,27.95223426818848,6.099999904632568,30.553050994873047,7.590000152587891,15.589225769042969,33.68643569946289,37.38822555541992,6.925696849822998,0.4201680123806,49.78981399536133,3.086250066757202,37.75647735595703,58.31686019897461,12.245460510253906,14.72362995147705,25.589191436767575,8.368618965148926,43.96165466308594,31.967121124267575
2004-07-31,29.259618759155277,18.84307861328125,48.29161834716797,16.668949127197266,9.838179588317873,25.970674514770508,16.555828094482422,15.835968017578123,6.15514612197876,16.346765518188477,75.32402038574219,26.210952758789062,21.92679023742676,16.71372413635254,16.464506149291992,6.533132553100586,10.206445693969728,4.984703063964844,27.41845321655273,6.40500020980835,32.54694366455078,7.216667175292969,16.205535888671875,33.72576904296875,39.24108123779297,7.282288551330566,0.3501400053501129,51.41489410400391,2.983750104904175,37.02853393554688,63.26801300048828,11.82652759552002,14.547001838684082,27.015329360961918,9.4896240234375,45.32715225219727,32.313133239746094
2004-08-31,28.866050720214844,21.692562103271484,47.835575103759766,17.913827896118164,10.452399253845217,26.91201400756836,16.36113929748535,15.862895011901855,5.258392810821533,15.715907096862791,79.47361755371094,27.15497589111328,21.239652633666992,15.545098304748535,15.661728858947754,7.088428497314453,10.125597953796388,5.687188148498535,28.22771644592285,7.784999847412109,36.02496719360352,7.190000057220459,15.856595039367676,35.01020431518555,42.27884292602539,6.484025001525879,0.1470579952001571,51.34635162353516,2.9200000762939453,36.73733139038086,63.63085174560547,12.17731761932373,16.340206146240234,25.0040340423584,9.195751190185549,46.94596862792969,32.4572868347168
2004-09-30,32.10807418823242,23.113327026367188,51.44430923461914,19.770414352416992,11.60754680633545,27.97105026245117,15.880450248718262,16.087263107299805,5.138309955596924,17.77908706665039,84.39262390136719,27.310941696166992,23.235729217529297,16.729412078857422,16.12192153930664,7.92024564743042,11.863726615905762,5.783936500549316,29.396656036376957,7.875,38.37593460083008,7.653333187103271,15.899481773376465,36.19066619873047,45.419578552246094,6.504413604736328,0.1750700026750564,52.38605117797852,3.1475000381469727,36.94520568847656,60.755985260009766,12.59939956665039,17.13615608215332,25.781124114990234,9.865240097045898,48.74907684326172,35.54802703857422
2004-10-31,32.12483596801758,24.764284133911133,58.146244049072266,22.466873168945312,11.008418083190918,26.706281661987305,21.22334861755371,17.04776382446289,5.486364841461182,17.100618362426758,87.51599884033203,29.47945785522461,23.801176071166992,18.29019546508789,15.822134971618652,7.178354263305664,12.5230131149292,6.007134914398193,28.175600051879883,10.720000267028809,38.02091217041016,8.266667366027832,15.940715789794922,37.93359375,44.21074676513672,6.287928581237793,0.10504200309515,57.273658752441406,3.148750066757202,41.2432861328125,68.57794189453125,11.61049461364746,15.059774398803713,25.19527816772461,11.846460342407228,45.18978500366211,38.223670959472656
2004-11-30,30.750104904174805,26.31998443603516,57.61088180541992,23.174150466918945,13.616133689880373,26.31743431091309,21.440956115722656,17.50716781616211,5.096308708190918,15.894450187683104,92.78511810302734,29.792266845703125,25.27444648742676,18.294118881225582,16.028959274291992,7.205331325531006,11.943151473999023,5.982633113861084,28.693721771240234,12.71500015258789,38.701473236083984,9.140000343322754,15.7573823928833,39.452415466308594,45.20832824707031,6.45720100402832,0.168066993355751,57.429237365722656,3.2300000190734863,44.60513305664063,79.05147552490234,11.745285034179688,15.409640312194824,25.505754470825195,12.118925094604492,46.00064468383789,39.87551498413086
2004-12-31,31.25365829467773,28.597976684570312,57.97770309448242,22.67132377624512,14.297152519226074,28.28830337524414,22.74552726745605,19.21079444885254,5.089913845062256,15.473877906799316,97.7868194580078,31.52785873413086,25.836729049682617,18.768627166748047,17.380516052246094,7.969703197479248,12.479823112487791,6.166423320770264,32.303653717041016,11.875,36.27603530883789,9.223333358764648,15.173951148986816,41.52692031860352,44.48653793334961,5.939431667327881,0.2100840061903,63.15011596679688,3.431250095367432,45.98850631713867,86.77825164794922,12.644554138183594,16.12650489807129,23.82964324951172,12.109197616577148,47.3133659362793,42.452125549316406
2005-01-31,30.313861846923828,25.399259567260746,58.85014724731445,19.663026809692383,11.984698295593262,30.127729415893555,28.16283226013184,18.43803024291992,4.642849445343018,13.017897605895996,94.60922241210938,31.948776245117188,25.62430000305176,18.07451057434082,16.992883682250977,8.709345817565918,13.002155303955078,5.9678473472595215,33.306549072265625,13.664999961853027,36.108646392822266,8.8100004196167,14.98724365234375,40.0806884765625,44.686065673828125,6.043119430541992,0.4805839955806732,61.85492706298828,3.430000066757202,44.55733108520508,74.37873077392578,13.8893404006958,17.764997482299805,22.707012176513672,11.157509803771973,52.5740852355957,41.3338737487793
2005-02-28,28.85193252563477,28.01857185363769,61.69549179077149,21.87865447998047,11.91142463684082,30.83247375488281,27.966358184814453,18.29453468322754,4.493707656860352,11.6212797164917,101.26543426513672,33.57883071899414,26.02486801147461,18.32549095153809,17.961994171142578,8.862221717834473,12.88150691986084,5.938793659210205,32.08932113647461,14.829999923706056,35.467376708984375,8.833333015441895,15.024749755859377,39.72395706176758,45.59563064575195,6.300163745880127,0.2000000029802322,65.36927795410156,3.069999933242798,44.096309661865234,74.08607482910156,13.745762825012209,17.160839080810547,22.724018096923828,11.51366138458252,50.7579345703125,42.085262298583984
2005-03-31,27.121150970458984,23.53400993347168,63.8666877746582,18.768991470336918,9.85757827758789,23.75568389892578,29.809097290039062,18.212894439697266,4.356728076934815,9.550159454345703,90.73681640625,35.63922119140625,24.506423950195312,18.5921573638916,18.942800521850582,8.347394943237305,11.76765251159668,5.269752502441406,30.89357566833496,19.114999771118164,36.12637710571289,8.866666793823242,15.835756301879885,39.73015213012695,46.14723587036133,6.925143241882324,0.4285709857940674,68.54814147949219,3.3299999237060547,48.97681427001953,65.44612884521484,12.702823638916016,15.772086143493652,24.11076164245605,11.972965240478516,44.24118423461914,41.04889297485352
2005-04-30,26.74233055114746,27.177207946777344,67.83232879638672,19.65746307373047,9.17656135559082,22.770736694335938,27.959991455078125,17.58705711364746,5.46713924407959,11.038033485412598,87.54791259765625,36.88872146606445,25.653196334838867,19.55686378479004,21.233123779296875,8.513757705688477,11.886259078979492,5.198185443878174,29.657302856445312,16.84000015258789,37.7598991394043,9.59333324432373,16.249818801879883,41.19682312011719,43.07818984985352,7.362614154815674,0.4285709857940674,73.45408630371094,3.508749961853028,50.95563125610352,67.16543579101562,12.006284713745115,16.66826629638672,25.427595138549805,12.338845252990724,45.35075759887695,38.2867317199707
2005-05-31,31.991531372070312,28.971036911010746,67.90171813964844,23.266889572143555,10.435154914855955,26.899490356445312,26.146703720092773,18.67345428466797,5.408353805541992,12.74809455871582,99.3437728881836,37.61513900756836,26.35581398010254,19.48627471923828,20.875173568725582,9.026336669921877,12.124234199523926,6.246738433837891,32.53043365478516,21.979999542236328,40.31665802001953,10.363332748413086,17.259801864624023,43.51618194580078,45.14377975463867,7.887423992156982,0.1442849934101104,78.56837463378906,3.6162500381469727,53.62678527832031,71.76490020751953,12.207066535949709,19.52219581604004,26.060060501098636,13.40925121307373,49.86685562133789,41.70515823364258
2005-06-30,31.991748809814453,31.17759704589844,70.19188690185547,22.295122146606445,10.258434295654297,28.45946884155273,23.90410423278809,18.8874626159668,5.310374736785889,12.831417083740234,100.11570739746094,36.785682678222656,27.2371883392334,20.207843780517575,20.85910987854004,9.246655464172363,12.347509384155272,6.569368362426758,32.03497314453125,19.21999931335449,40.027931213378906,10.00333309173584,17.372802734375,43.18516159057617,48.38321685791016,8.40856647491455,0.1442849934101104,77.83739471435547,3.776249885559082,56.0169563293457,81.22466278076172,12.270761489868164,19.0286922454834,26.9631404876709,12.83707046508789,51.81690216064453,44.6955680847168
2005-07-31,34.97281265258789,29.844139099121094,72.80921173095703,21.734272003173828,10.846784591674805,30.015567779541016,21.79290771484375,19.77018928527832,5.310374736785889,12.85125732421875,95.82687377929688,36.50545120239258,28.255046844482425,19.90980339050293,25.00532531738281,9.633334159851074,12.67779541015625,6.888655185699463,34.76512145996094,20.424999237060547,40.85781478881836,10.483332633972168,17.506988525390625,46.85443115234375,52.9258041381836,8.876567840576172,0.141427993774414,85.65565490722656,3.680000066757202,60.19113540649414,94.40089416503906,14.587260246276855,18.911094665527344,26.5437126159668,12.517894744873049,47.26241302490234,42.907745361328125
2005-08-31,32.60563659667969,30.69342041015625,78.99561309814453,22.761573791503903,11.027816772460938,28.88334846496582,23.47055053710937,19.239933013916016,5.166674137115479,12.72032356262207,99.15128326416016,35.17495346069336,27.20903205871582,20.458824157714844,24.778249740600582,9.217429161071776,12.45290756225586,6.984652996063232,35.20829772949219,16.795000076293945,39.69811630249024,11.369999885559082,17.341320037841797,46.94858551025391,54.000614166259766,9.256211280822754,0.2214280068874359,82.42146301269531,3.681250095367432,60.44295883178711,102.7118682861328,15.67268180847168,19.075788497924805,27.735748291015625,13.926937103271484,47.41970443725586,42.49325942993164
2005-09-30,33.54972457885742,29.53458404541016,78.26197814941406,23.160947799682617,11.15066146850586,24.617748260498047,26.442827224731445,19.19972038269043,5.251588821411133,13.4662446975708,91.59497833251952,35.84487533569336,29.699237823486328,20.44313621520996,23.04523086547852,6.654534339904785,12.390291213989258,7.065647602081299,35.125038146972656,16.315000534057617,42.22929000854492,13.106666564941406,18.305259704589844,48.25701904296875,56.41145706176758,9.775357246398926,0.4000000059604645,77.02354431152344,3.622499942779541,59.746917724609375,119.51359558105467,16.616628646850586,22.02132606506348,31.07269859313965,15.904266357421877,52.98229217529297,47.02509307861328
2005-10-31,35.49836349487305,25.52626037597656,78.06368255615234,25.44466209411621,11.4674654006958,26.052732467651367,24.019296646118164,20.815168380737305,5.447544097900391,12.918707847595217,96.96351623535156,35.97829818725586,30.79547119140625,20.992156982421875,23.154550552368164,6.555615425109863,12.890752792358398,6.999572277069092,36.09028625488281,16.315000534057617,43.72784805297852,14.103333473205566,17.629722595214844,49.19692611694336,60.5799674987793,9.912070274353027,0.4642849862575531,76.0492172241211,3.898750066757202,61.18284225463867,127.62808990478516,17.949626922607422,21.52039909362793,34.586551666259766,16.108619689941406,56.61988830566406,49.62910079956055
2005-11-30,34.1723518371582,22.494220733642575,73.21568298339844,23.865955352783203,10.241192817687988,25.20012855529785,23.032211303710938,22.041446685791016,5.558584690093994,12.855224609375,96.2871322631836,35.20404052734375,29.918325424194336,21.30980491638184,18.052215576171875,5.244940757751465,11.005363464355469,6.181014060974121,37.83203125,22.78499984741211,41.17237854003906,12.75333309173584,16.469423294067383,54.738311767578125,52.6289176940918,8.629207611083984,0.800000011920929,64.82197570800781,3.5174999237060547,61.41984176635742,112.48743438720705,18.47511100769043,22.541767120361328,31.56053733825684,14.491334915161133,57.23782730102539,52.40786361694336
2005-12-31,32.5677375793457,22.113231658935547,76.99296569824219,23.322139739990234,10.37912654876709,23.75387382507324,23.178178787231445,21.448152542114254,5.101357460021973,13.529726028442385,95.36548614501952,34.827850341796875,31.467384338378903,22.81960868835449,21.073827743530277,5.579916954040527,10.830172538757324,5.945994377136231,39.976192474365234,24.145000457763672,41.2009162902832,14.483332633972168,17.578060150146484,57.04520034790039,53.31180191040039,8.583587646484375,0.75,70.97396850585938,3.6675000190734863,62.049278259277344,111.14285278320312,18.058385848999023,21.867019653320312,31.45313835144043,14.15658950805664,58.88985443115234,54.167327880859375
2006-01-31,32.55082321166992,24.99445915222168,68.15949249267578,24.20730781555176,8.930871963500977,22.378013610839844,24.608762741088867,23.709529876708984,5.793730735778809,14.323257446289062,89.93476104736328,39.54115295410156,33.41050720214844,23.490196228027344,24.02854347229004,5.710309505462647,10.412315368652344,5.788817405700684,39.542110443115234,28.075000762939453,43.43350601196289,12.766667366027832,18.15755653381348,62.25742721557617,57.43281936645508,8.869356155395508,0.550000011920929,74.97136688232422,4.797500133514404,68.8713150024414,106.49134826660156,22.62852096557617,21.96159172058105,34.87678909301758,17.978904724121094,55.89326477050781,64.52583312988281
2006-02-28,31.510513305664062,19.61299514770508,72.04582214355469,22.40020751953125,8.84035873413086,20.128490447998047,25.080055236816406,23.0022029876709,4.905402660369873,13.303569793701172,85.69646453857422,40.153099060058594,36.64442825317383,23.19607734680176,24.42630958557129,5.694572925567627,11.028590202331545,5.651699542999268,38.3266830444336,28.895000457763672,42.874549865722656,9.553333282470703,18.840147018432617,63.01457214355469,56.58395004272461,9.536653518676758,0.550000011920929,63.01164245605469,4.670000076293945,69.52816009521484,111.08938598632812,20.68055725097656,21.176654815673828,33.57527542114258,18.115135192871094,54.205352783203125,64.37666320800781
2006-03-31,30.77416610717773,19.811424255371094,74.88126373291016,15.59963607788086,7.74554967880249,20.1882266998291,32.03486633300781,21.856172561645508,4.395918846130371,13.168667793273926,77.68041229248047,43.03520202636719,36.41303634643555,24.07843017578125,25.637237548828125,5.622630596160889,9.466273307800291,5.4931230545043945,37.162235260009766,29.6299991607666,44.462921142578125,8.640000343322754,19.406049728393555,62.991058349609375,55.92280197143555,9.151984214782717,0.3499999940395355,59.76161575317383,5.318749904632568,66.12931060791016,109.47943115234376,20.725513458251957,20.286495208740234,32.18888092041016,17.908843994140625,54.89545440673828,66.69416809082031
2006-04-30,31.39200782775879,18.43034172058105,73.1363754272461,16.066957473754883,8.305883407592773,20.740707397460938,30.34444046020508,20.91498565673828,4.337133884429932,10.669038772583008,81.29563903808594,40.45528030395508,32.63420486450195,22.796077728271484,25.042333602905277,5.687828063964844,10.302169799804688,6.262203216552734,34.99663162231445,31.850000381469727,41.915184020996094,9.33666706085205,18.41811752319336,57.26864242553711,50.53126907348633,8.542917251586914,0.3499999940395355,63.51313400268555,5.110000133514404,67.80046844482422,101.78449249267578,21.715391159057617,21.94022560119629,31.36259078979492,17.784286499023438,51.85512161254883,52.48541641235352
2006-05-31,28.99623107910156,17.160377502441406,76.6459732055664,17.484804153442383,8.068816184997559,20.20618438720703,31.209495544433597,21.28449440002441,4.265284061431885,10.45875644683838,76.77439880371094,39.32078170776367,32.94181442260742,23.458824157714844,23.693897247314453,5.485494136810303,9.064605712890623,6.0038371086120605,34.059593200683594,36.20500183105469,40.47579193115234,8.94333267211914,17.486318588256836,58.32886505126953,43.859474182128906,7.935644626617432,0.3700000047683716,64.38973999023438,5.207499980926514,65.0946273803711,89.10659790039062,18.497344970703125,21.8538875579834,29.794464111328125,18.418745040893555,51.36294555664063,50.67073440551758
2006-06-30,29.21654891967773,15.914225578308104,73.0471420288086,18.46027374267578,8.51708698272705,19.298967361450195,28.482994079589844,20.50444602966309,3.736205816268921,11.83950138092041,80.82038116455078,36.60143661499024,33.26502227783203,22.509803771972656,25.755699157714844,4.410877227783203,8.414512634277344,6.4587082862854,33.668701171875,37.95000076293945,39.82114791870117,9.196666717529297,18.03324317932129,59.0371322631836,47.033084869384766,7.714010715484619,1.5700000524520874,70.51177215576172,4.84499979019165,62.63467788696289,87.92237854003906,18.46301651000977,20.87879180908203,29.750263214111328,20.05743408203125,51.854305267333984,52.05880355834961
2006-07-31,32.42799377441406,19.208192825317383,74.97048950195312,20.28330993652344,7.66365385055542,17.76944923400879,30.48981666564941,22.292619705200195,5.395287990570068,12.414813041687012,83.6111831665039,38.73362350463867,33.78216552734375,21.71372413635254,27.848957061767575,4.829033851623535,9.15940761566162,7.2196946144104,36.5029411315918,38.94499969482422,43.60365295410156,10.533332824707031,18.853628158569336,63.16331100463867,45.50638198852539,8.227555274963379,1.5800000429153442,73.6173095703125,5.108749866485596,66.88601684570312,90.58063507080078,21.136302947998047,24.573118209838867,31.66200256347656,20.14696311950684,50.3802375793457,57.30977249145508
2006-08-31,28.517898559570312,17.19213104248047,69.03193664550781,18.208227157592773,6.258507251739502,18.050926208496094,23.425594329833984,20.943906784057617,3.14180850982666,10.843619346618652,68.79903411865234,36.33590698242188,32.13675308227539,20.223529815673828,24.67938041687012,3.448667287826538,9.37784481048584,7.677482604980469,33.35808563232422,43.55500030517578,40.045013427734375,10.896666526794434,17.88559341430664,63.72388458251953,35.907440185546875,8.779019355773926,1.2000000476837158,66.49475860595703,5.352499961853027,62.47462844848633,86.03863525390625,19.08501625061035,23.16011428833008,31.365259170532227,20.610153198242188,45.88708114624024,45.20538711547852
2006-09-30,29.764799118041992,20.27972412109375,66.99954986572266,18.68659019470215,8.191659927368164,19.044967651367188,19.871841430664062,22.91841506958008,3.1352767944335938,9.986604690551758,68.84265899658203,37.78123092651367,31.64933204650879,21.003921508789062,26.00696182250977,4.019697666168213,10.904474258422852,8.204876899719238,32.89466857910156,46.619998931884766,36.85391998291016,12.5,18.3410758972168,61.37114334106445,41.45522689819336,8.62586784362793,1.2000000476837158,75.7665786743164,5.482500076293945,66.06503295898438,87.18484497070312,17.385896682739258,20.16671562194824,29.50947570800781,21.011066436767575,46.41461563110352,40.99892425537109
2006-10-31,29.255104064941406,14.469645500183104,68.9030532836914,16.42606544494629,9.062335014343262,18.71753692626953,15.285562515258787,21.270761489868164,3.3965506553649902,8.87962532043457,69.1097183227539,41.12155532836914,26.671560287475582,21.113725662231445,28.978290557861328,4.583984375,12.316810607910156,7.975128173828125,31.42566680908203,40.52999877929688,39.34718704223633,12.119999885559082,19.533063888549805,44.42141342163086,43.27643585205078,8.060830116271973,1.2000000476837158,74.52862548828125,4.75,69.69908142089844,93.35211181640624,14.13035488128662,18.662330627441406,24.543481826782227,17.76093292236328,45.36112594604492,27.78746032714844
2006-11-30,22.14725685119629,10.739128112792969,60.96185302734375,12.820805549621582,8.95673656463623,14.270706176757812,14.462332725524902,16.81511688232422,1.4304701089859009,6.058619022369385,57.15717697143555,31.57849884033203,21.40132141113281,18.356863021850582,21.144418716430664,5.552940368652344,9.812753677368164,7.082505702972412,23.606369018554688,30.82999992370605,41.93470764160156,12.673333168029783,18.014381408691406,37.70210647583008,18.031850814819336,6.3734211921691895,0.699999988079071,61.28313827514648,4.362500190734863,54.05222702026367,65.34148406982422,9.737133026123049,13.6899995803833,21.89228820800781,17.84656524658203,42.69830322265625,16.797733306884766
2006-12-31,22.562135696411133,11.088364601135254,63.85676956176758,16.296361923217773,7.788653373718262,15.850069046020508,20.215856552124023,17.733577728271484,1.4957879781723022,5.538856029510498,56.1875228881836,29.91212654113769,24.189456939697266,14.388235092163086,20.027868270874023,6.5758490562438965,8.729257583618164,6.462131023406982,25.007301330566406,26.049999237060547,38.68870544433594,13.896666526794434,19.409791946411133,32.90631484985352,18.83019256591797,7.089845657348633,0.9800000190734864,49.0406608581543,3.398750066757202,53.856101989746094,81.3392105102539,9.433797836303713,10.905648231506348,19.956727981567383,19.9056339263916,38.51912307739258,13.364670753479004
2007-01-31,20.838207244873047,11.778907775878906,57.98762130737305,19.95026969909668,7.771410942077637,13.672351837158203,19.57554817199707,12.40263557434082,1.717870593070984,4.983382701873779,39.088035583496094,29.69282341003418,19.07574844360352,15.682353019714355,13.76398468017578,3.950006484985352,7.636352062225342,7.827315330505371,22.22334861755371,37.2400016784668,29.87449073791504,14.850000381469728,16.261632919311523,37.10488128662109,11.835765838623049,5.94303560256958,0.8899999856948853,37.26509094238281,3.7074999809265137,44.57667922973633,66.79955291748047,8.853209495544434,9.409664154052734,18.09033203125,18.02950668334961,33.64601516723633,5.555346012115479
2007-02-28,24.85243797302246,14.5252046585083,63.59900665283203,21.649192810058597,8.702427864074707,18.418954849243164,17.348806381225586,15.186893463134766,3.9060325622558594,6.534738063812256,49.16533279418945,32.958770751953125,22.720029830932617,16.094118118286133,17.434782028198242,3.772401809692383,8.441725730895996,8.276708602905273,23.628061294555664,37.34999847412109,34.25213623046875,14.113332748413086,15.564576148986816,43.47043991088867,17.97144889831543,6.062694549560547,0.800000011920929,41.261966705322266,3.923749923706055,50.71139526367188,70.78392028808594,12.625632286071776,13.931922912597656,17.90196418762207,17.82710075378418,38.97851943969727,10.384822845458984
2007-03-31,22.275514602661133,15.652301788330078,67.2077407836914,19.312692642211918,8.905009269714355,18.2089958190918,18.970367431640625,17.794246673583984,3.964818954467773,6.796605110168457,48.970191955566406,33.45687484741211,21.82866477966309,18.80392265319824,18.47212219238281,4.105127811431885,9.093234062194824,8.443817138671875,27.127050399780277,38.93999862670898,32.7066535949707,14.033332824707031,16.793350219726562,42.9024543762207,23.161256790161133,6.427756309509277,1.0499999523162842,41.11878204345703,4.333749771118164,52.44593048095703,66.76370239257812,14.893446922302246,13.45046043395996,19.94915580749512,18.231910705566406,41.02489471435547,9.364914894104004
2007-04-30,22.23283576965332,17.827104568481445,66.6128921508789,19.1158447265625,10.338174819946287,19.11096954345703,21.34432411193848,19.390703201293945,5.225462436676025,8.431279182434082,59.72920989990234,35.61927795410156,24.510082244873047,20.149019241333008,21.83744239807129,5.18424129486084,10.35900592803955,9.640392303466797,29.45906639099121,36.13999938964844,36.51724624633789,15.373332977294922,17.158966064453125,49.551387786865234,27.548337936401367,6.990476608276367,1.149999976158142,42.95568084716797,4.413750171661377,48.61571502685547,72.84927368164062,14.474772453308104,17.62401008605957,20.49449920654297,19.045419692993164,48.13768768310547,13.029448509216309
2007-05-31,23.62441635131836,18.057292938232425,69.19056701660156,19.434547424316406,10.146371841430664,20.361061096191406,20.53645896911621,18.669021606445312,4.964188575744629,8.784401893615723,60.49518203735352,36.28856658935547,25.070213317871094,20.77647018432617,24.256254196166992,5.672091007232666,10.89635944366455,10.202579498291016,30.38169479370117,35.27000045776367,38.83959197998047,16.64666748046875,17.049671173095703,49.83700180053711,31.47493553161621,7.30436897277832,1.149999976158142,49.29893112182617,4.417500019073486,49.12949752807617,74.46388244628906,12.939638137817385,18.51123809814453,21.185678482055664,17.539064407348633,49.575626373291016,14.890799522399902
2007-06-30,24.906497955322266,21.176637649536133,65.13568878173828,20.142763137817383,10.435154914855955,19.377471923828125,20.81427383422852,19.506404876708984,4.709446907043457,9.363682746887209,66.32981872558594,39.79497146606445,27.25288772583008,21.53333282470703,24.14210700988769,6.022804260253906,11.743768692016602,10.474472045898438,31.257362365722656,42.5,40.02660369873047,16.226667404174805,17.306509017944336,51.82763671875,31.058002471923828,7.322041034698486,0.8999999761581421,53.2635498046875,4.151249885559082,51.16071319580078,78.28147888183594,13.19694709777832,19.162702560424805,21.48859596252441,18.099573135375977,50.74452209472656,18.42068099975586
2007-07-31,24.52171897888184,24.45472526550293,72.33333587646484,18.68895721435547,10.062318801879885,17.383926391601562,22.04352569580078,20.70306968688965,5.806793212890625,9.708868026733398,74.46895599365234,38.65869522094727,28.3843994140625,19.474510192871094,26.920011520385746,6.721977233886719,11.780088424682615,9.643446922302246,35.59724426269531,28.920000076293945,36.47016525268555,16.323333740234375,17.775362014770508,55.40175247192383,31.473323822021484,7.934442520141602,1.2400000095367432,53.3773307800293,4.052499771118164,51.01266098022461,72.85364532470703,13.175143241882324,21.517772674560547,21.789356231689453,17.947765350341797,53.5943489074707,19.459157943725582
2007-08-31,26.43894386291504,27.272459030151367,74.19717407226562,20.853376388549805,11.41574478149414,20.8093204498291,22.40125274658203,20.922578811645508,6.531826019287109,9.335908889770508,73.67818450927734,38.505672454833984,29.20008659362793,20.627450942993164,27.75254249572754,7.769618511199951,12.513272285461426,9.388580322265623,35.348777770996094,30.68000030517578,37.969512939453125,16.100000381469727,18.456689834594727,54.44881820678711,31.41651153564453,8.675870895385742,1.2400000095367432,56.67146682739258,4.577499866485596,49.77085876464844,76.37290954589844,14.487857818603516,21.72208976745605,22.45423698425293,16.84233283996582,57.21388626098633,18.27434730529785
2007-09-30,30.67922019958496,25.8278751373291,75.05970764160156,26.6757926940918,12.54093074798584,23.7998046875,20.781694412231445,21.58768081665039,8.210505485534668,10.70078468322754,82.56787872314453,38.09988021850586,34.7596435546875,23.098039627075195,30.482452392578125,9.269134521484377,13.435982704162598,11.794344902038574,35.11521911621094,38.900001525878906,39.633785247802734,19.739999771118164,18.61580848693848,50.00272750854492,38.19731903076172,8.708974838256836,1.0499999523162842,61.64868927001953,4.449999809265137,55.41937255859375,71.7177734375,16.6510066986084,23.12778091430664,22.26659774780273,17.69865608215332,58.216556549072266,20.6445255279541
2007-10-31,28.793895721435547,27.518516540527344,77.89514923095703,26.950441360473636,14.511187553405762,21.41434669494629,20.091367721557617,23.08290100097656,8.504439353942871,9.435101509094238,79.57103729248047,42.3389892578125,36.0646858215332,23.72549057006836,30.321941375732425,9.309603691101074,15.2303466796875,12.352412223815918,37.88825225830078,41.83000183105469,40.30824661254883,20.239999771118164,19.65540313720703,51.91629409790039,40.12928009033203,8.708974838256836,1.090000033378601,72.52544403076172,4.461249828338623,56.53148651123047,82.30158996582031,18.901371002197266,24.304515838623047,22.396934509277344,15.456642150878906,61.76932907104492,22.210128784179688
2007-11-30,24.07832336425781,29.613954544067383,74.70280456542969,23.397199630737305,13.198238372802734,18.515783309936523,18.669965744018555,22.25270271301269,6.584080219268799,7.780585765838623,62.07037734985352,39.06240081787109,30.371728897094727,21.52941131591797,30.495792388916016,10.105449676513672,12.597702980041504,11.789316177368164,30.82356071472168,43.52999877929688,39.01238250732422,20.815000534057617,18.92742729187012,44.1416015625,33.878807067871094,8.09249496459961,1.0499999523162842,67.51236724853516,4.476250171661377,50.007545471191406,73.10717010498047,16.284666061401367,19.527494430541992,20.871248245239254,13.343079566955566,55.37204360961914,16.519432067871094
2007-12-31,25.321874618530277,32.05070495605469,71.99625396728516,25.06184959411621,14.745975494384766,17.06411361694336,22.38995361328125,22.028165817260746,7.374429702758789,9.216877937316896,69.09988403320312,41.22817611694336,32.6449089050293,20.70588111877441,32.80814743041992,9.943583488464355,12.038780212402344,11.014609336853027,30.808637619018555,42.88999938964844,40.77474212646485,22.63500022888184,21.129552841186523,50.42128753662109,31.946849822998047,9.21676254272461,1.0,73.20874786376953,4.131249904632568,47.07512664794922,63.43682861328125,19.036577224731445,22.52468490600586,22.20696258544922,12.389448165893556,55.409549713134766,16.616779327392578
2008-01-31,26.8083610534668,39.51967239379883,77.75635528564453,25.9851131439209,17.205806732177734,20.55918312072754,23.19659423828125,22.97391700744629,7.994955539703369,9.681093215942385,75.80656433105469,44.27010726928711,36.85061264038086,22.97254943847656,33.83842468261719,11.472326278686523,14.476032257080078,12.130945205688477,35.36574935913086,49.20000076293945,44.67216873168945,24.3799991607666,21.44629669189453,56.73918151855469,34.207122802734375,9.79631519317627,0.8999999761581421,76.47638702392578,4.121250152587891,48.266902923583984,66.70399475097656,22.948562622070312,27.26525115966797,22.83603286743164,13.860767364501951,61.165626525878906,20.03608512878418
2008-02-29,29.875688552856445,40.42450714111328,81.32543182373047,29.95062255859375,18.456113815307617,22.024667739868164,21.172527313232425,21.20321273803711,10.411731719970703,11.56176471710205,80.90276336669922,41.71371078491211,38.77234649658203,22.50196075439453,33.641578674316406,12.364842414855955,13.165815353393556,14.399112701416016,35.824554443359375,60.119998931884766,44.87923812866211,27.475000381469727,21.983890533447266,59.06846618652344,32.687469482421875,9.85607624053955,1.309999942779541,77.4547119140625,4.434999942779541,46.58074569702149,73.61016082763672,26.315401077270508,28.66903305053711,24.529312133789062,14.207188606262209,59.611419677734375,21.79022026062012
2008-03-31,30.73026466369629,43.62322998046875,87.16484069824219,28.41485023498535,21.07221221923828,24.31294250488281,21.968603134155277,22.649658203125,10.96693515777588,11.042004585266112,82.58080291748047,44.1461296081543,40.25085067749024,24.07451057434082,34.81318283081055,12.744781494140623,14.654425621032717,14.071685791015623,40.42019271850586,63.34000015258789,47.99967575073242,28.040000915527344,22.28113174438477,62.64536666870117,37.86664581298828,9.912832260131836,1.2400000095367432,80.54071807861328,4.668749809265137,47.860958099365234,80.3146743774414,31.557540893554688,31.157567977905277,25.842613220214844,14.105986595153809,61.25820159912109,23.057519912719727
2008-04-30,30.83384704589844,43.440677642822266,89.13774871826172,29.026010513305664,22.29769897460937,24.916797637939453,23.86017799377441,23.39301872253418,10.418261528015137,12.045820236206056,80.19243621826172,43.5069694519043,41.45478439331055,25.74901962280273,36.78999328613281,13.318058013916016,14.506335258483888,14.505512237548828,40.488311767578125,69.33999633789062,47.490760803222656,25.290000915527344,21.925609588623047,60.09683609008789,39.67258071899414,10.183984756469728,1.2000000476837158,81.79586791992188,4.90625,54.49479675292969,72.70463562011719,29.39439010620117,34.41118621826172,24.28938102722168,14.938955307006836,62.40810775756836,25.64222526550293
2008-05-31,30.99668884277344,41.00394058227539,89.35585021972656,29.038339614868164,22.65791320800781,25.457225799560547,27.273067474365234,22.460033416748047,9.830399513244627,13.295634269714355,79.92607116699219,42.58762741088867,42.241580963134766,27.05097961425781,36.76346206665039,13.365272521972656,14.847589492797852,16.077308654785156,40.950042724609375,69.4000015258789,48.77075958251953,25.15999984741211,22.48311233520508,63.36862182617188,42.45888519287109,10.124939918518066,0.8100000023841858,87.28185272216797,5.25124979019165,54.70502471923828,77.7288818359375,33.847164154052734,34.6150016784668,24.851755142211918,15.172499656677246,65.86121368408203,26.422508239746094
2008-06-30,33.68450164794922,38.21795654296875,91.33867645263672,30.27060317993164,26.04767417907715,24.419771194458008,26.414831161499023,22.93815422058105,9.738954544067385,12.315622329711914,83.1739273071289,44.83155822753906,41.37068557739258,27.51764678955078,36.4150276184082,14.257787704467772,15.958810806274414,15.871997833251951,40.91876220703125,70.06999969482422,50.147342681884766,27.76000022888184,22.48311233520508,62.51665496826172,39.71774291992188,11.210210800170898,1.149999976158142,88.1915512084961,5.416250228881836,55.56196594238281,78.43739318847656,34.75428771972656,36.99152374267578,24.715770721435547,16.530935287475586,66.76811981201172,26.73469352722168
2008-07-31,32.90800857543945,43.472434997558594,99.96395111083984,31.41469955444336,27.53761482238769,22.11383056640625,23.89351272583008,24.068265914916992,9.7454833984375,12.367198944091797,83.25399017333984,48.22336196899414,38.86566162109375,28.164705276489254,37.82334899902344,15.1840238571167,16.825149536132812,18.291183471679688,43.66090393066406,72.08000183105469,53.34065246582031,31.8700008392334,23.93629646301269,65.92045593261719,41.13668441772461,12.46936321258545,0.2000000029802322,97.87129974365234,5.875,54.35870742797852,75.29163360595703,31.622953414916992,39.42361068725586,26.586843490600582,16.246801376342773,67.79378509521484,22.332592010498047
2008-08-31,30.234617233276367,41.89290237426758,95.95865631103516,30.862689971923828,29.15951538085937,21.68070602416992,22.22737693786621,23.71042823791504,9.007389068603516,12.803644180297852,84.4553451538086,49.70103454589844,40.076881408691406,28.07451057434082,35.73011779785156,15.39085865020752,16.06698989868164,17.929792404174805,43.29756927490234,75.1500015258789,51.292781829833984,33.310001373291016,24.115467071533203,66.66783905029297,41.01414108276367,12.482266426086426,0.1500000059604644,96.97792053222656,5.824999809265137,56.50094985961914,70.29031372070312,35.234012603759766,38.19577407836914,26.39191246032715,16.11834716796875,68.13136291503906,23.0665225982666
2008-09-30,28.30865478515625,29.860010147094727,82.81253814697266,30.075958251953125,26.814271926879883,19.309329986572266,21.115633010864254,23.33382225036621,7.263391494750977,12.248172760009766,70.0930404663086,47.25035858154297,33.42363739013672,25.84705924987793,36.33727645874024,12.978588104248049,14.62372875213623,17.180315017700195,35.6712532043457,52.09999847412109,50.32647705078125,35.71500015258789,24.994821548461918,57.10502624511719,32.384334564208984,13.04301929473877,0.1500000059604644,102.8988265991211,5.380000114440918,52.299442291259766,62.6125602722168,31.13450813293457,30.95852851867676,25.32942008972168,15.522815704345703,60.00693893432617,16.48168182373047
2008-10-31,26.916414260864254,26.93115234375,78.37102508544922,26.730728149414062,27.321104049682617,17.129764556884766,18.39461898803711,21.736164093017575,6.316277027130127,11.70063304901123,60.36582565307617,43.24507522583008,29.661231994628903,24.31764793395996,33.84789276123047,12.65485668182373,13.22125244140625,17.660602569580078,32.14228439331055,40.91999816894531,47.49845886230469,37.56999969482422,25.605186462402344,53.66269302368164,30.22365379333496,12.78880500793457,0.5299999713897705,86.77369689941406,4.889999866485596,51.20675659179688,55.88544464111328,26.39826202392578,25.831199645996094,26.27396774291992,15.102437019348145,51.91489791870117,17.256792068481445
2008-11-30,30.777877807617188,32.51105117797852,83.12979125976562,30.238920211791992,30.99567031860352,21.335521697998047,21.456687927246094,22.046016693115234,7.629173755645752,12.629068374633787,72.98661804199219,47.62354278564453,34.55091094970703,27.184314727783203,38.10286331176758,14.956963539123535,14.630903244018556,19.68947982788086,37.57402038574219,30.6200008392334,56.551387786865234,39.97999954223633,26.10678482055664,60.52775192260742,34.957801818847656,13.584033012390137,0.449999988079071,103.19735717773438,5.443749904632568,53.50487518310547,63.79708862304688,33.35870361328125,29.619365692138672,27.88817977905273,16.21566390991211,57.143253326416016,18.998119354248047
2008-12-31,32.679100036621094,29.23296356201172,84.98373413085938,30.131563186645508,31.6108455657959,21.50172615051269,22.463565826416016,21.263641357421875,6.923736572265625,11.740311622619627,74.10153198242188,50.43636322021485,37.81353759765625,25.231372833251957,36.15010833740234,15.606678009033203,14.951577186584473,20.04637718200684,35.1092643737793,27.81999969482422,54.497806549072266,40.744998931884766,26.82940673828125,58.84835815429688,33.627410888671875,13.10234260559082,0.1800000071525573,96.03370666503906,5.616250038146973,55.80645751953125,69.56414794921875,28.74894142150879,29.868148803710938,27.00207901000977,15.51113510131836,59.01810836791992,19.00790023803711
2009-01-31,34.28005599975586,29.95525550842285,90.60503387451172,29.246244430541992,35.34831237792969,22.47575569152832,21.352319717407227,22.862472534179688,8.144367218017578,12.53781032562256,81.73148345947266,53.6589469909668,37.18391036987305,27.799999237060547,40.39957809448242,17.11519432067871,14.513476371765137,22.87029457092285,41.28416442871094,51.86000061035156,54.91958618164063,42.400001525878906,27.83756828308105,62.280887603759766,38.0101203918457,12.160813331604004,0.5,104.86660766601562,5.880000114440918,58.78424072265625,73.34192657470703,32.54751968383789,38.20231246948242,28.41353225708008,19.018171310424805,63.14732360839844,24.95297622680664
2009-02-28,37.1374397277832,34.13027572631836,89.117919921875,32.51070785522461,37.45893478393555,23.19532012939453,23.40143203735352,23.291927337646484,8.118136405944824,14.180420875549316,80.3914794921875,53.26831817626953,36.69389343261719,29.02745056152344,38.7436752319336,15.415584564208984,15.30475616455078,24.06476211547852,43.35498046875,51.25,56.58454132080078,44.255001068115234,27.284873962402344,63.84442138671875,40.61320114135742,12.97201442718506,0.5,101.94637298583984,6.222499847412109,63.847164154052734,76.67806243896484,36.1280632019043,41.09481048583984,28.988168716430664,17.725900650024414,64.22612762451172,26.940990447998047
2009-03-31,40.47660827636719,30.82041549682617,87.13509368896484,32.206871032714844,43.13016891479492,24.313064575195312,23.12392234802246,21.526424407958984,7.428837299346924,16.275346755981445,78.94249725341797,56.73308944702149,38.32035827636719,30.094118118286133,41.18627166748047,15.197515487670898,14.906110763549805,27.75141716003418,44.95063018798828,44.52999877929688,60.33211517333984,50.83000183105469,28.365398406982425,60.91158676147461,40.20148468017578,13.45122528076172,0.5,115.8917007446289,6.602499961853027,65.38536071777344,74.00813293457031,34.47080612182617,41.18048477172852,30.700199127197266,20.24816131591797,65.51654052734375,26.109594345092773
2009-04-30,40.06265640258789,23.621313095092773,82.56468963623047,33.26799011230469,40.117671966552734,23.30847930908203,24.03875160217285,20.73206329345703,6.954657554626465,15.549263954162598,79.7476577758789,56.30551528930664,34.39181137084961,29.141176223754883,41.207279205322266,15.422329902648926,14.235097885131836,28.532062530517575,43.9870719909668,43.060001373291016,57.4413948059082,51.59000015258789,28.65276527404785,56.31598663330078,30.84504508972168,13.60094928741455,0.5,110.38213348388672,6.777500152587891,60.51918411254883,60.59581756591797,31.291505813598636,35.52647399902344,31.362903594970703,19.44244384765625,62.31591796875,23.159513473510746
2009-05-31,41.5438346862793,25.931060791015625,83.36773681640625,33.23460388183594,39.90688705444336,22.152076721191406,19.67286872863769,22.950672149658203,6.085323333740234,17.576740264892578,80.91686248779297,58.47574234008789,35.12714767456055,29.337255477905277,47.63124084472656,15.66962718963623,16.087278366088867,30.047094345092773,42.86653900146485,41.470001220703125,58.7691764831543,50.34000015258789,30.05075454711914,57.785400390625,32.060245513916016,14.158974647521973,0.5,116.2906723022461,5.940000057220459,65.2481460571289,67.48436737060547,29.26355743408203,40.11118316650391,32.44605255126953,21.14730262756348,67.35081481933594,25.55218505859375
2009-06-30,40.761207580566406,27.39945411682129,87.194580078125,33.73461151123047,42.024715423583984,21.682933807373047,20.30759048461914,21.93522071838379,6.184651374816895,18.83448982238769,78.52430725097656,57.20707321166992,37.58658599853516,30.12156867980957,46.38467788696289,15.085108757019045,16.475927352905273,31.353849411010746,46.77138519287109,42.08000183105469,58.95307540893555,48.16999816894531,28.58323860168457,59.330074310302734,36.19726943969727,13.843761444091797,0.5,112.3147430419922,6.677499771118164,67.34764862060547,68.95716857910156,29.996234893798828,42.39753723144531,30.76684188842773,22.45514297485352,68.79769134521484,26.209375381469727
2009-07-31,44.55418395996094,21.359188079833984,84.00224304199219,34.477291107177734,42.33721160888672,22.169363021850582,20.37591552734375,22.68532371520996,7.425634384155273,19.14793586730957,82.56597900390625,62.375770568847656,35.88956069946289,28.92156982421875,45.23379135131836,17.19387435913086,18.63205909729004,27.619850158691406,48.690311431884766,47.5,63.29755401611328,39.869998931884766,29.53537368774414,56.1337890625,37.88395690917969,14.712821006774902,0.050000000745058,111.67461395263672,7.197500228881836,69.2171401977539,74.3108901977539,28.705331802368164,45.6611328125,33.20152282714844,26.149019241333008,65.08291625976562,24.74649810791016
2009-08-31,45.7866325378418,25.169078826904297,83.86343383789062,34.64765167236328,39.53590393066406,23.429065704345703,20.41103744506836,22.781343460083008,7.618595600128174,20.95718765258789,80.48883056640625,64.59833526611328,37.53179168701172,31.674509048461918,45.50545501708984,19.22170639038086,19.55909538269043,25.86613273620605,48.88084030151367,53.709999084472656,63.76433181762695,41.7400016784668,27.751150131225582,60.05076217651367,35.74449920654297,13.53329086303711,0.0399999991059303,104.59444427490234,7.537499904632568,69.80043029785156,81.6340560913086,28.9146671295166,46.90206527709961,32.182552337646484,29.192853927612305,68.0198745727539,23.058130264282227
2009-09-30,48.360130310058594,26.62953758239746,85.87600708007812,29.53043937683105,38.98006820678711,26.38048553466797,20.938514709472656,23.657909393310547,8.61666202545166,20.235071182250977,82.45767211914062,64.64739990234375,39.571624755859375,31.537254333496094,46.715576171875,19.374584197998047,19.322887420654297,24.57146453857422,48.574954986572266,55.59000015258789,64.61453247070312,40.560001373291016,27.279600143432617,61.29531097412109,36.574337005615234,13.20405101776123,0.0399999991059303,109.99928283691406,7.375,69.04479217529297,85.51619720458984,31.234813690185547,52.700103759765625,32.219947814941406,28.58953666687012,69.44086456298828,24.354337692260746
2009-10-31,52.45269012451172,28.574169158935547,88.73126983642578,30.801898956298828,45.734073638916016,29.215856552124023,21.809993743896484,25.72282218933105,8.680113792419434,22.20699882507324,91.205078125,65.09695434570312,42.777122497558594,33.85882568359375,47.84880828857422,20.74146270751953,20.89881706237793,27.11992073059082,50.18852615356445,50.630001068115234,69.09220123291016,39.9900016784668,28.49803924560547,63.78302001953125,39.69477081298828,14.020302772521973,0.0199999995529651,115.34737396240234,8.977499961853027,64.98995971679688,89.55255889892578,32.35126876831055,55.100833892822266,34.358909606933594,30.710886001586918,75.19952392578125,28.254558563232425
2009-11-30,49.44865036010742,26.85972213745117,87.83899688720703,30.649547576904297,45.96576690673828,29.606449127197266,24.5039119720459,25.35985565185547,8.452217102050781,21.707077026367188,94.78316497802734,68.828369140625,42.66735076904297,34.98823547363281,51.08974456787109,23.17846298217773,21.708084106445312,26.4226131439209,49.12612533569336,50.130001068115234,69.14080810546875,45.18999862670898,29.0006160736084,62.98786544799805,38.38918685913086,14.84535026550293,0.0149999996647238,111.75446319580078,8.53499984741211,66.71417999267578,88.47216033935547,32.45158767700195,54.00114440917969,34.24482345581055,33.25650405883789,78.26004028320312,28.342987060546875
2009-12-31,54.90308380126953,27.693130493164062,92.55811309814452,34.54177474975586,47.37140655517578,27.332874298095703,26.10366439819336,27.68896102905273,9.189525604248049,20.78657531738281,84.62609100341797,76.31362915039062,41.77186584472656,35.45098114013672,58.0190658569336,27.715234756469727,23.092405319213867,30.098997116088867,51.891387939453125,64.69000244140625,72.57915496826172,47.560001373291016,31.075307846069336,63.95664596557617,41.73968124389648,17.09674835205078,0.0100999996066093,118.7613754272461,8.8125,75.1216812133789,91.98810577392578,34.09138870239258,51.82841491699219,38.616058349609375,39.42202758789063,78.79431915283203,25.3139705657959
2010-01-31,54.82640838623047,29.7885684967041,98.63545989990234,34.655513763427734,49.60973739624024,29.078598022460938,24.927831649780277,27.705211639404297,10.587197303771973,21.46504592895508,86.72349548339844,76.17831420898438,43.54185104370117,37.76078414916992,52.00078201293945,25.548015594482425,22.920507431030277,29.301767349243164,56.36840057373047,70.31999969482422,73.01884460449219,48.040000915527344,28.588394165039062,69.4358901977539,47.93244934082031,16.196882247924805,0.0199999995529651,118.82942199707033,8.59749984741211,81.10047912597656,99.67581939697266,35.35614776611328,55.77096176147461,32.97438049316406,42.411380767822266,83.45132446289062,26.50348854064941
2010-02-28,56.924049377441406,32.765602111816406,95.9090805053711,33.17112350463867,53.67226028442383,31.15326690673828,28.20719337463379,27.74242401123047,11.464567184448242,20.508846282958984,95.56629180908205,83.321533203125,46.50475311279297,40.71764755249024,48.35261917114258,27.50390243530273,22.70450782775879,30.828214645385746,58.22985458374024,79.81999969482422,74.80348205566406,53.650001525878906,29.200538635253903,80.49620819091797,54.88219451904297,17.342817306518555,0.0020000000949949,122.91806030273438,8.1274995803833,92.05130004882812,91.0548324584961,41.6187858581543,62.81557846069336,36.04233551025391,47.798439025878906,88.86994171142578,26.93659019470215
2010-03-31,54.07109069824219,33.96085739135742,98.28846740722656,31.30460357666016,59.64460372924805,32.792110443115234,28.642139434814453,27.50227928161621,11.457776069641112,22.139549255371094,103.01971435546876,89.52244567871094,49.35236358642578,40.69411849975586,45.7337532043457,28.24637794494629,22.01195335388184,33.33688735961914,61.986026763916016,80.83000183105469,77.0002212524414,57.15999984741211,27.1237850189209,79.47645568847656,54.46819686889648,16.89441680908203,0.0013999999500811,113.47441864013672,7.947500228881836,98.66533660888672,90.12191009521484,44.3342170715332,61.07530975341797,33.545372009277344,48.94278717041016,90.86832427978516,27.18128967285156
2010-04-30,58.425689697265625,31.04007339477539,100.03335571289062,35.27101516723633,63.35630035400391,32.37202072143555,31.798681259155277,27.592966079711918,11.687146186828612,20.913543701171875,118.2681655883789,96.08524322509766,51.08390045166016,44.09019470214844,48.51497650146485,31.873035430908203,21.712617874145508,35.420440673828125,64.03406524658203,93.51000213623048,78.54747772216797,58.400001525878906,27.275983810424805,81.29610443115234,56.85004806518555,17.33845329284668,0.0013999999500811,123.69244384765624,8.057499885559082,103.1441879272461,90.04847717285156,45.20277404785156,61.77309036254883,35.70841217041016,55.41193771362305,95.76901245117188,28.342973709106445
2010-05-31,62.62472534179688,32.903594970703125,90.58521270751952,37.21492004394531,69.0103988647461,35.42980194091797,33.89893341064453,27.583948135375977,10.539605140686035,21.77055549621582,129.9364776611328,94.7704849243164,53.88190460205078,44.80784225463867,43.15098190307617,33.18268585205078,22.81968688964844,34.39331817626953,68.67794036865234,110.58999633789062,85.20555114746094,56.41999816894531,27.409330368041992,83.8869857788086,64.79541778564453,16.47457504272461,0.001300000003539,111.1833953857422,9.162500381469728,116.07393646240234,92.12210083007812,49.011680603027344,63.56900405883789,33.98152160644531,58.463565826416016,107.25077056884766,36.21168899536133
2010-06-30,63.50396728515625,33.99034881591797,89.05842590332031,34.19817352294922,59.163204193115234,35.25260162353516,30.83709526062012,26.61186408996582,10.3004732131958,21.10795783996582,120.4919891357422,91.38031005859376,50.6265754699707,45.05490112304688,47.00051498413086,35.760597229003906,22.14114570617676,31.171098709106445,64.42231750488281,152.0,77.70211029052734,50.52000045776367,27.841205596923828,78.90390014648438,59.29392623901367,16.63093376159668,0.001300000003539,122.6960678100586,8.569999694824219,117.83074188232422,100.48258972167967,47.18368911743164,61.4106559753418,35.346649169921875,62.78409576416016,98.0283432006836,34.97047805786133
2010-07-31,63.73244094848633,32.440948486328125,92.73656463623048,35.31874084472656,62.890411376953125,34.69878005981445,31.89964485168457,28.34000587463379,10.596543312072754,23.317947387695312,120.50103759765624,97.93343353271484,50.438419342041016,46.68235397338867,47.0306396484375,39.30681991577149,23.638368606567383,33.41563415527344,67.38737487792969,171.49000549316406,81.06498718261719,54.77000045776367,28.590576171875,91.04638671875,59.80256271362305,16.98014259338379,0.001300000003539,129.57582092285156,9.107500076293944,127.78079223632812,112.80935668945312,53.99324035644531,68.87037658691406,38.43653106689453,64.45003509521484,103.7065200805664,39.10783767700195
2010-08-31,61.88576889038086,29.62313461303711,97.366455078125,35.11123275756836,62.95280456542969,35.5548095703125,34.091758728027344,28.60104179382324,10.741134643554688,21.91736221313477,119.93616485595705,98.39786529541016,51.62865829467773,46.81176376342773,46.155006408691406,42.332855224609375,24.30083274841309,32.942630767822266,66.77937316894531,148.66000366210938,82.575439453125,52.18000030517578,29.66398429870605,89.91995239257812,59.85203170776367,17.00885772705078,0.0099999997764825,132.70620727539062,9.09749984741211,128.52088928222656,118.70044708251952,54.01081466674805,68.18528747558594,41.82436752319336,55.16282272338867,104.42239379882812,38.72369384765625
2010-09-30,64.41468048095703,28.706153869628903,97.85224151611328,34.7637825012207,59.93128204345703,37.97034454345703,34.3588981628418,29.379695892333984,11.206727981567385,20.564388275146484,123.27471160888672,95.34544372558594,52.69523239135742,44.79607772827149,50.35369491577149,42.68218994140625,24.46463394165039,31.33624267578125,69.98165130615234,135.85000610351562,85.29293060302734,52.06999969482422,30.939922332763672,88.77176666259766,57.04503631591797,17.777099609375,0.0020999999251216,135.2113037109375,9.067500114440918,129.2294464111328,114.98265838623048,54.71134567260742,68.9445571899414,41.78743743896485,61.10258865356445,107.06255340576172,40.310489654541016
2010-10-31,66.22681427001953,29.43971443176269,101.52046966552734,32.35807418823242,53.96937942504883,40.62835311889648,34.84467697143555,32.01163482666016,11.963094711303713,19.86211204528809,137.16058349609375,101.70849609375,51.61362075805664,46.53333282470703,49.3972282409668,43.235084533691406,25.748693466186523,30.52754783630371,72.23710632324219,178.5399932861328,86.44327545166016,54.459999084472656,30.991153717041016,97.74063873291016,63.17802047729492,18.52337074279785,0.003000000026077,145.32492065429688,8.989999771118164,127.5915756225586,122.51862335205078,57.396728515625,69.35675048828125,43.1973991394043,64.54344940185547,110.93336486816406,37.756629943847656
2010-11-30,69.46781921386719,31.449357986450195,102.79939270019533,33.08844375610352,55.55093002319336,41.402793884277344,36.653656005859375,31.977907180786133,11.895062446594238,20.96115493774414,133.0832977294922,99.14156341552734,49.50584030151367,45.58823394775391,48.93486404418945,40.0009765625,24.637025833129883,29.728927612304688,67.95536804199219,159.91000366210938,83.96675872802734,54.470001220703125,29.91775703430176,100.27113342285156,61.89698028564453,17.63854217529297,0.0199999995529651,148.98731994628906,8.345000267028809,132.54505920410156,115.26309204101562,54.80818939208984,62.55207824707031,40.73683547973633,71.26948547363281,109.11339569091795,35.863365173339844
2010-12-31,68.4541015625,34.78538131713867,100.87605285644533,36.42205810546875,55.10407638549805,41.85125350952149,40.56193542480469,33.13468551635742,10.336542129516602,22.468868255615234,146.47584533691406,105.14866638183594,49.0098762512207,45.67451095581055,48.2809944152832,39.719635009765625,26.46061134338379,34.9822998046875,70.04650115966797,163.9199981689453,88.5133056640625,56.06999969482422,30.166553497314453,99.49454498291016,62.95758438110352,17.922218322753906,0.0199999995529651,141.50656127929688,7.829999923706055,146.1969451904297,120.0020980834961,46.41800308227539,64.49756622314453,41.83451461791992,82.86876678466797,110.3794403076172,35.50764846801758
2011-01-31,69.36998748779297,34.79991912841797,108.35128784179688,37.055572509765625,65.59454345703125,46.78799819946289,37.30745315551758,32.60820007324219,9.935026168823242,20.83022689819336,151.87393188476562,101.8521957397461,50.16894912719727,47.070587158203125,53.393550872802734,48.55939483642578,29.84017562866211,37.36134338378906,75.54766082763672,192.5800018310547,92.2523422241211,60.56999969482422,32.40593719482422,102.91854858398438,63.38711929321289,17.980810165405273,0.0099999997764825,159.72232055664062,8.359999656677246,152.4278106689453,108.81526184082033,50.3089599609375,64.40984344482422,46.81696319580078,87.18931579589844,119.79843139648438,40.97338485717773
2011-02-28,74.3058090209961,33.70226287841797,106.97322845458984,41.95767974853516,70.76457214355469,50.021240234375,41.46775436401367,34.41482925415039,10.92923069000244,22.26651954650879,157.72987365722656,96.0106964111328,48.69873046875,53.39215850830078,56.48891067504883,54.63786697387695,32.530948638916016,43.72477722167969,78.9709243774414,184.5800018310547,97.52141571044922,70.37999725341797,34.32820129394531,110.80792236328124,65.2116928100586,17.32347297668457,0.0109999999403953,164.56544494628906,9.1225004196167,155.26190185546875,102.99628448486328,48.59307098388672,60.80754089355469,49.290828704833984,73.37915802001953,128.70489501953125,41.56549072265625
2011-03-31,85.71744537353516,28.95224952697754,125.00698852539062,50.09563446044922,76.51103973388672,52.02455520629883,38.02638626098633,34.92332077026367,11.49662971496582,22.88547134399414,150.44667053222656,105.36573791503906,45.0321159362793,54.7529411315918,58.136566162109375,60.70049285888672,35.4348030090332,48.9832878112793,81.41472625732422,185.63999938964844,95.19982147216795,81.1500015258789,31.294649124145508,116.8438491821289,58.31586837768555,15.256793022155762,0.0099999997764825,184.2619781494141,9.392499923706056,164.8459930419922,130.8866729736328,53.59609603881836,55.834503173828125,47.34225082397461,76.39186096191406,130.00189208984375,43.77714157104492
2011-04-30,89.33966064453125,29.734283447265625,118.53307342529295,46.457122802734375,77.41053771972656,47.66624450683594,39.21371078491211,34.98359680175781,11.360554695129396,23.115596771240234,154.1930694580078,103.15489196777344,46.789817810058594,53.76470565795898,54.85633850097656,58.75601196289063,32.65167236328125,45.97064208984375,78.43101501464844,184.25,91.35735321044922,76.41000366210938,31.308778762817383,110.78076934814452,59.2525634765625,15.67540168762207,0.0099999997764825,177.89016723632812,8.892499923706055,151.5582275390625,133.554931640625,52.46178436279297,61.44536590576172,46.18274688720703,78.24462890625,123.25547790527344,43.4315071105957
2011-05-31,89.74684143066406,25.88727760314941,120.17882537841795,51.78253936767578,81.08824920654297,47.87384796142578,38.8891830444336,33.964717864990234,10.792529106140137,23.90119361877441,155.16017150878906,104.45685577392578,44.43268966674805,55.73333358764648,50.02691268920898,59.27079391479492,37.66300582885742,45.30767822265625,77.33448028564453,218.3600006103516,87.39306640625,78.98999786376953,29.98796272277832,106.2890625,63.98462677001953,14.403470993041992,0.0099999997764825,171.4737548828125,8.869999885559082,152.18264770507812,132.83514404296875,50.47835540771485,66.2973861694336,42.4375,91.4741439819336,122.37731170654295,44.093204498291016
2011-06-30,94.40565490722656,25.697345733642575,126.19668579101562,54.14801788330078,83.414306640625,47.46843719482422,38.24397277832031,36.87820816040039,10.772058486938477,26.509185791015625,156.0889434814453,106.98817443847656,41.48280334472656,58.0313720703125,54.05548858642578,69.68433380126953,36.98989868164063,49.548583984375,75.37984466552734,219.3000030517578,93.48683166503906,78.02999877929688,32.013397216796875,110.70125579833984,64.5987319946289,14.638103485107422,0.0099999997764825,181.4877777099609,9.00749969482422,169.5375518798828,147.20664978027344,44.14634704589844,63.52620315551758,45.81997680664063,92.08356475830078,120.02969360351562,43.17438507080078
2011-07-31,90.7457275390625,26.365562438964844,116.79811096191406,49.926876068115234,77.08008575439453,44.176300048828125,36.50072479248047,35.53418731689453,10.07474422454834,25.557039260864254,137.14010620117188,100.82626342773438,38.623348236083984,53.65098190307617,38.82022476196289,69.03975677490234,34.36709976196289,45.3170051574707,71.21781158447266,197.6100006103516,87.80562591552734,76.26000213623047,31.435205459594727,108.3864288330078,59.40450286865234,14.276023864746094,0.0099999997764825,173.18443298339844,8.755000114440918,165.90260314941406,157.8963623046875,38.87000274658203,58.713111877441406,44.65175628662109,82.09078216552734,113.51758575439452,38.33331680297852
2011-08-31,90.07833862304688,24.418672561645508,107.538330078125,50.315956115722656,76.18561553955078,44.28883743286133,33.628692626953125,35.98725509643555,9.85683250427246,23.03999137878418,131.32394409179688,101.6658706665039,35.75006484985352,52.04705810546875,40.10875701904297,73.27287292480469,32.14716339111328,45.289772033691406,69.8132553100586,175.82000732421875,89.45087432861328,66.66000366210938,32.369346618652344,99.74878692626952,56.09934616088867,13.831337928771973,0.0099999997764825,181.48162841796875,8.225000381469727,170.95773315429688,142.98182678222656,37.044063568115234,52.74106597900391,48.48153305053711,77.01757049560547,113.22210693359376,37.20574188232422
2011-09-30,103.62368774414062,25.439281463623047,120.4960708618164,46.505802154541016,80.90745544433594,44.48023986816406,29.82577896118164,38.37184524536133,10.51479721069336,27.89497756958008,144.60415649414062,110.41289520263672,40.87049102783203,61.36470413208008,38.16269302368164,73.72340393066406,36.31654739379883,48.597503662109375,79.7114486694336,183.8999938964844,99.35620880126952,75.45999908447266,32.64717102050781,107.02783966064452,64.22517395019531,13.182442665100098,0.0099999997764825,187.4681701660156,9.86750030517578,182.0601501464844,148.4807586669922,38.13915252685547,59.20331954956055,45.62967300415039,83.11214447021484,125.8714828491211,42.17772674560547
2011-10-31,103.50286865234376,22.012531280517575,122.57803344726562,52.69057083129883,77.42119598388672,40.96909713745117,29.981081008911133,38.68069076538086,10.33869457244873,25.905841827392575,136.1250457763672,106.3046417236328,39.09672164916992,62.03529357910156,40.909446716308594,74.44466400146484,32.98941421508789,50.3891830444336,79.07281494140625,191.9499969482422,101.6623992919922,77.22000122070312,34.29637908935547,102.34928131103516,60.41097259521485,14.279033660888672,0.0099999997764825,195.62327575683597,9.5024995803833,180.39041137695312,128.84056091308594,38.62159729003906,55.37398147583008,45.878787994384766,79.71334075927734,121.09642028808594,41.54552459716797
2011-11-30,97.47132110595705,20.75739097595215,108.89655303955078,53.306453704833984,76.75758361816406,34.42692565917969,28.83592987060547,40.18430709838867,9.488944053649902,22.4366455078125,125.06068420410156,95.3098602294922,40.32241439819336,64.88235473632812,40.35847473144531,68.59344482421875,35.06204605102539,51.48482131958008,80.41231536865234,150.24000549316406,100.5139617919922,80.25,35.70926284790039,104.20574188232422,49.56724166870117,14.69383144378662,0.0099999997764825,171.0038604736328,9.4375,180.6150665283203,134.91433715820312,29.313140869140625,52.61800384521485,52.81371307373047,68.73197174072266,127.01569366455078,33.77242660522461
2011-12-31,106.5518569946289,22.80472183227539,116.12394714355467,55.32588577270508,82.10346984863281,40.71099853515625,29.949447631835938,42.1585578918457,10.2398681640625,22.493213653564453,148.9317169189453,103.9923324584961,44.90544891357422,67.69803619384766,46.2210807800293,76.13037872314453,38.26370620727539,54.3488655090332,87.87652587890625,162.11000061035156,104.24930572509766,82.45999908447266,38.34039688110352,113.9909210205078,54.16472244262695,16.499996185302734,0.0149999996647238,192.43716430664065,10.192500114440918,185.39434814453125,150.8917999267578,34.44382858276367,59.640869140625,56.08131790161133,72.71231079101562,134.91822814941406,36.079078674316406
2012-01-31,117.53292846679688,21.479171752929688,126.85101318359376,57.04148483276367,87.44947814941406,36.552345275878906,35.56132888793945,42.71595764160156,10.345137596130373,23.0588436126709,150.99105834960938,109.32624816894533,43.3414421081543,68.12940979003906,48.69512176513672,61.89229965209961,39.73417663574219,50.12485122680664,90.95614624023438,144.8300018310547,110.7763671875,90.54000091552734,37.05552291870117,112.87516784667967,59.97682189941406,17.980606079101562,0.0099999997764825,186.9815216064453,12.3774995803833,199.08323669433597,179.20025634765625,30.64350128173828,60.57389450073242,55.87848663330078,68.91283416748047,137.19410705566406,37.662353515625
2012-02-29,120.02886962890624,20.68832015991211,129.15109252929688,53.26562881469727,82.97237396240234,33.53781509399414,35.661094665527344,45.67200469970703,9.639612197875977,22.068988800048828,139.26597595214844,110.91981506347656,43.45807647705078,69.33333587646484,54.05229949951172,54.33285903930664,40.681915283203125,53.34720993041992,89.85270690917969,140.3800048828125,115.01505279541016,94.23999786376952,40.19593811035156,113.11187744140624,53.9904899597168,19.15377426147461,0.0099999997764825,189.07339477539065,12.2524995803833,209.14569091796875,182.0062255859375,26.582319259643555,56.42157745361328,60.97312545776367,66.40321350097656,142.73663330078125,36.19615936279297
2012-03-31,123.61370849609376,29.320009231567383,135.75387573242188,52.30679702758789,76.60855865478516,33.88076400756836,36.63383865356445,44.96880340576172,9.768569946289062,30.31775665283203,151.3317413330078,115.08161926269533,44.278446197509766,64.23137664794922,53.94095230102539,63.20846939086914,41.77238845825195,58.69713973999024,102.52488708496094,168.33999633789062,111.68892669677734,82.69999694824219,38.88385772705078,123.9261703491211,60.629844665527344,18.138877868652344,0.006000000052154,188.2527313232422,12.755000114440918,206.15573120117188,173.8882293701172,31.0865421295166,56.41325378417969,57.08724594116211,62.39131927490234,147.0050811767578,40.44346237182617
2012-04-30,126.12535095214844,30.362606048583984,136.29916381835938,52.03525924682617,61.46022033691406,33.4653205871582,35.30276870727539,45.192359924316406,9.357666969299316,31.01536750793457,160.66690063476562,114.17617797851562,45.81658935546875,63.91372680664063,52.98049545288086,61.64533615112305,36.52830505371094,60.63987731933594,103.94667053222656,181.66000366210935,111.17493438720705,78.93000030517578,38.86112976074219,119.72150421142578,62.36367034912109,18.752384185791016,0.0399999991059303,185.9088287353516,13.390000343322754,203.3981475830078,170.16407775878906,31.80065155029297,56.63852691650391,57.08737182617188,63.36187744140625,144.53640747070312,39.37376022338867
2012-05-31,116.18191528320312,28.926738739013672,124.263427734375,55.48325729370117,57.15299987792969,33.07639694213867,36.47478103637695,47.145164489746094,9.21522045135498,26.876840591430664,160.33578491210938,107.09410858154295,42.597415924072266,58.509803771972656,50.820159912109375,67.59835052490234,36.76872253417969,58.98006057739258,98.50821685791016,136.13999938964844,112.36941528320312,75.55000305175781,39.06566619873047,115.57911682128906,64.761962890625,18.405271530151367,0.0188500005751848,178.72120666503906,13.11750030517578,209.04905700683597,176.12086486816406,32.397254943847656,60.1784553527832,58.05924987792969,58.965293884277344,135.57211303710938,39.70063400268555
2012-06-30,107.55192565917967,31.159751892089844,124.76905059814452,62.77085113525391,68.75616455078125,39.85849380493164,36.45222091674805,49.70710754394531,9.38790512084961,26.216938018798828,176.29393005371094,109.4954605102539,47.89502334594727,58.41568756103516,45.32184219360352,77.29566955566406,38.51580810546875,63.74260711669922,108.5784683227539,133.13999938964844,113.25421142578124,88.16000366210938,35.88232421875,125.1428680419922,77.38379669189453,19.4802303314209,0.0149999996647238,180.2489471435547,13.68000030517578,226.6107940673828,208.89476013183597,32.3081169128418,62.86478042602539,54.33768844604492,59.021366119384766,141.75698852539062,45.59430313110352
