Date,TXN,AAPL,DGX,BMRA,XOM,ALK,LNT,MET,ADSK,UNP,VTR,BEN,JKHY,USB,CPRT,KEY,RSG,OMC,YUM,ADP,NI,ILMN,COP,HAS,T,ARE,PVH,AON,SONC,FITB,VZ,MRK,FLS,WDC,AVY,CB
2001-12-31,18.86456298828125,0.3333559036254883,27.236602783203125,0.6600000262260437,20.046852111816406,6.542126655578613,6.558584213256836,17.321691513061523,9.135228157043455,9.56858253479004,4.654596328735352,6.852896690368652,16.936952590942383,10.909929275512695,3.030833005905152,12.508337020874023,8.712726593017578,27.72798156738281,6.318991184234619,29.282495498657227,3.8217172622680655,5.880000114440918,11.769217491149902,9.65360164642334,6.616230487823486,20.40443420410156,10.111252784729004,25.97450065612793,9.904059410095217,34.15389633178711,15.994359016418455,25.082075119018555,6.967854499816895,5.033544540405273,33.211814880371094,25.699443817138672
2002-01-31,21.043537139892575,0.3762819468975067,26.317455291748047,0.5600000023841858,19.919321060180664,6.892838954925537,6.548254013061523,16.61090087890625,10.06569004058838,10.416330337524414,4.909587860107422,7.276464939117432,16.890422821044922,10.852591514587402,2.825000047683716,12.647083282470703,7.591458797454834,27.11353874206543,7.166663646697998,26.846437454223636,3.4956958293914795,4.224999904632568,11.419617652893066,9.83265781402588,6.379885673522949,20.309051513671875,11.409950256347656,24.351104736328125,10.45435619354248,35.22312545776367,15.740768432617188,25.244176864624023,6.491286754608154,5.017486572265625,34.95673751831055,24.867319107055664
2002-02-28,19.7894287109375,0.3303120136260986,26.93275260925293,0.6700000166893005,21.19228172302246,6.980515956878662,6.372524738311768,17.431060791015625,10.84394073486328,10.18466854095459,5.239214897155762,7.939021110534668,16.855712890625,10.868236541748049,2.1737499237060547,12.888623237609863,7.831419944763184,29.02826499938965,7.594354152679443,26.20509529113769,3.527629852294922,3.430000066757202,11.61652660369873,8.52759838104248,6.446326732635498,20.760915756225582,13.441475868225098,25.5022087097168,11.026521682739258,35.507137298583984,15.893593788146973,26.161287307739254,7.326591491699219,4.664254188537598,37.60052490234375,28.099756240844727
2002-03-31,20.869991302490234,0.3694318830966949,34.90129470825195,0.4900000095367431,20.612443923950195,6.886093616485596,6.3149824142456055,18.6667537689209,9.041308403015137,9.566147804260254,5.573631763458252,8.154960632324219,18.110816955566406,12.461200714111328,1.923750042915344,14.620624542236328,8.638555526733398,27.130277633666992,8.099100112915039,25.32571792602539,3.762983083724976,4.199999809265137,11.82425594329834,9.540449142456056,5.342446327209473,23.203933715820312,14.1731538772583,26.47963523864746,12.095332145690918,38.32763671875,13.738639831542969,23.31159782409668,9.033863067626951,4.969319343566895,37.82745742797852,27.96018409729004
2002-04-30,19.345050811767575,0.3546662926673889,33.203521728515625,0.5600000023841858,20.60776138305664,6.261107444763184,6.151800632476807,18.1691951751709,6.637176990509033,10.313920021057127,5.529904365539551,8.472208023071289,15.35686206817627,12.434906005859377,2.0537500381469727,14.35675048828125,9.170828819274902,26.859718322753903,8.206979751586914,25.86371612548828,4.125656127929688,3.200000047683716,11.377466201782228,9.134469032287598,5.8980207443237305,23.610130310058597,14.635696411132812,24.77509307861328,11.748692512512209,36.41653823852539,14.728532791137695,24.4956169128418,8.371376037597656,3.692868709564209,38.607025146484375,22.235803604125977
2002-05-31,15.635140419006348,0.2322839200496673,22.937095642089844,0.449999988079071,18.971736907958984,5.28316068649292,4.39404296875,15.413463592529297,6.352871417999268,9.912915229797363,5.466825485229492,6.69335412979126,11.101425170898438,11.344371795654297,1.662500023841858,13.809822082519531,7.678717136383057,16.619108200073242,7.937271595001221,18.618099212646484,3.4233360290527344,2.2249999046325684,10.230820655822754,7.331799507141113,4.8118977546691895,22.1365966796875,11.000076293945312,17.770410537719727,11.587753295898438,37.050758361816406,11.416316986083984,21.41531181335449,4.516931533813477,3.5644235610961914,36.92717361450195,20.45393180847168
2002-06-30,9.975421905517578,0.2207157462835312,23.37007713317871,0.2199999988079071,16.569364547729492,3.979231834411621,4.4216084480285645,12.44450855255127,6.244442939758301,9.810863494873049,5.7419939041137695,6.063599586486816,9.691312789916992,9.960200309753418,1.3562500476837158,13.279361724853516,8.202266693115234,17.414634704589844,7.117857933044434,17.412067413330078,2.9789953231811523,1.7200000286102295,9.209883689880373,6.661466598510742,3.49671483039856,21.79287338256836,11.78152084350586,15.331193923950195,9.532660484313965,34.48174285888672,9.492840766906738,19.88530158996582,2.6185107231140137,3.7731504440307617,34.001617431640625,19.232688903808597
2002-07-31,10.72593879699707,0.2446133196353912,24.24365234375,0.2000000029802322,17.483530044555664,4.865004062652588,3.793267250061035,13.056885719299316,5.77990198135376,10.010919570922852,4.881337642669678,6.446625709533691,8.007223129272461,11.30573558807373,1.3337500095367432,12.992180824279783,8.978864669799805,18.02452278137207,5.787273406982422,21.2981014251709,2.905719041824341,2.039999961853028,9.739253044128418,6.135036468505859,4.541158676147461,21.80325698852539,12.64175796508789,13.715018272399902,9.602605819702148,35.760101318359375,13.220126152038574,23.59612846374512,3.068894386291504,4.969319343566895,37.14038848876953,19.973169326782227
2002-08-31,10.151097297668455,0.2181277871131897,21.611536026000977,0.209999993443489,18.268054962158203,4.867251396179199,3.918762683868408,14.91018009185791,7.079355239868164,10.18883228302002,5.003666877746582,6.674190044403076,9.415698051452637,11.47934913635254,1.4800000190734863,13.522103309631348,9.15338134765625,20.26572608947754,6.221383094787598,19.712337493896484,3.5178210735321045,1.684999942779541,9.717166900634766,6.933433532714844,4.797773361206055,22.37613296508789,10.84040641784668,14.25162124633789,8.455592155456543,33.1174430847168,13.566731452941896,24.7788028717041,3.872775077819824,5.129878520965576,36.652950286865234,19.168500900268555
2002-09-30,10.767119407653809,0.2185846418142318,20.426502227783203,0.209999993443489,17.855018615722656,4.44459867477417,3.892974376678467,14.761300086975098,7.39619255065918,9.710618019104004,4.959968566894531,6.529266357421875,9.650308609008787,11.41442584991455,1.284999966621399,12.935823440551758,8.935235977172852,18.916770935058597,5.954239845275879,17.412145614624023,3.173015117645264,1.5,9.677002906799316,7.221518516540527,4.376924514770508,21.71955680847168,11.112353324890137,14.281787872314451,9.384099960327148,30.17618751525879,13.521525382995604,24.244802474975582,3.068894386291504,6.3822431564331055,35.75882339477539,19.24036979675293
2002-10-31,11.342723846435549,0.2284786850214004,20.03908920288086,0.2199999988079071,17.907724380493164,4.0803985595703125,3.789577007293701,14.430445671081545,7.173415660858154,9.392375946044922,5.362998008728027,6.398059368133545,9.0197114944458,11.317055702209473,0.9762499928474426,12.9288330078125,8.320068359375,16.62040901184082,6.116068363189697,16.32232093811035,3.024810552597046,1.2050000429153442,10.265307426452637,7.287716388702393,3.725040912628174,21.82460594177246,11.242390632629396,14.798321723937988,9.293310165405272,30.04041862487793,12.214585304260254,23.08924674987793,3.1317384243011475,6.52674674987793,34.444664001464844,18.103574752807617
2002-11-30,11.085391998291016,0.2152355313301086,22.671218872070312,0.2000000029802322,18.39726448059082,3.520608425140381,3.864119052886963,14.546246528625488,7.554612159729004,9.399418830871582,5.184233665466309,6.459267616271973,8.305974006652832,10.366915702819824,0.959999978542328,12.291382789611816,8.656005859375,17.059364318847656,6.249639511108398,15.524919509887695,3.2497963905334477,1.1299999952316284,10.852483749389648,8.358905792236328,3.5925159454345703,22.369462966918945,11.655072212219238,15.734152793884276,10.506559371948242,28.55475807189941,12.486566543579102,24.146224975585938,3.050564765930176,7.273351192474365,35.42897033691406,19.023408889770508
2002-12-31,12.536684036254885,0.2164536714553833,22.694011688232425,0.209999993443489,18.528854370117188,4.008458137512207,4.2843098640441895,15.842066764831545,7.718020915985107,10.171880722045898,5.809916496276856,6.845919132232666,10.223589897155762,12.09837532043457,1.0499999523162842,13.135871887207031,9.362799644470217,19.49372291564941,6.344680309295654,16.9569034576416,3.4253411293029785,0.9950000047683716,10.265780448913574,9.646777153015137,4.269421100616455,22.502450942993164,12.53273582458496,16.973100662231445,11.146402359008787,27.980588912963867,13.34887981414795,25.6449031829834,4.042980670928955,7.490106105804443,32.01105117797852,21.737279891967773
2003-01-31,11.933246612548828,0.2901263833045959,24.23225975036621,0.3499999940395355,19.037267684936523,4.822289943695068,4.642963886260986,15.61599063873291,8.020589828491211,9.95307731628418,6.898285865783691,7.682901859283447,13.99059009552002,13.49417781829834,1.1974999904632568,13.92878532409668,9.89070987701416,22.644948959350582,7.593067169189453,17.131900787353516,3.4434642791748047,1.4049999713897705,11.18419075012207,10.54513168334961,4.669678211212158,23.938779830932617,12.90000820159912,18.44369125366211,10.510685920715332,32.80580520629883,14.088101387023926,26.86131858825684,5.150609970092773,8.268817901611328,30.512176513671875,22.653982162475582
2003-02-28,12.808378219604492,0.320874810218811,22.69780731201172,0.4399999976158142,18.86232185363769,5.498982906341553,5.018558979034424,15.285136222839355,7.409137725830078,10.453994750976562,7.535749435424805,8.544204711914062,14.659049034118652,13.50519847869873,1.1725000143051147,14.832757949829102,10.558238983154297,23.333452224731445,7.688109874725342,18.761096954345703,3.551277637481689,1.5299999713897705,10.763435363769531,11.383249282836914,4.353196620941162,24.62781524658203,13.609844207763672,18.42070579528809,10.085429191589355,31.428916931152344,12.620272636413574,24.52343368530273,5.04325008392334,7.9958696365356445,32.79755783081055,21.79511833190918
2003-03-31,15.475934982299805,0.315394639968872,23.03203773498535,0.4199999868869781,19.536806106567383,6.2543625831604,5.436155319213867,15.467106819152832,8.457647323608398,10.016703605651855,7.920522689819336,8.693656921386719,13.701019287109377,13.325322151184082,1.3574999570846558,14.254338264465332,9.9036865234375,22.7510986328125,7.608477592468262,18.19439697265625,3.676403284072876,2.674999952316284,11.259042739868164,11.280587196350098,4.146345615386963,26.160371780395508,14.242692947387695,16.0699520111084,10.39926528930664,31.894968032836918,11.697187423706056,23.899532318115234,5.315577030181885,10.348065376281738,30.90984916687012,21.98183250427246
2003-04-30,19.644052505493164,0.3484257757663727,25.694557189941406,0.4699999988079071,19.5261287689209,6.472432613372803,6.009406566619873,17.314334869384766,9.61254596710205,10.779539108276367,8.651505470275879,9.340317726135254,15.62341594696045,15.119437217712402,1.558750033378601,15.748342514038086,10.170524597167969,25.268442153930664,8.769525527954102,19.15359115600586,3.8537092208862314,3.025000095367432,11.841291427612305,13.18278980255127,4.569884300231934,27.77804374694824,16.263809204101562,16.99483871459961,11.476332664489746,33.405277252197266,12.256315231323242,20.892030715942383,5.357471466064453,10.797630310058594,32.17023468017578,23.922197341918945
2003-05-31,19.956506729125977,0.3252886235713959,27.76835060119629,0.449999988079071,22.038875579833984,6.135210514068604,6.219213008880615,18.70472526550293,12.250809669494627,12.019351959228516,10.30066204071045,10.271319389343262,16.242380142211914,16.677305221557617,2.075000047683716,16.524126052856445,11.237693786621094,27.717384338378903,8.836315155029297,20.17582321166992,4.08258867263794,3.525000095367432,13.585887908935549,12.868346214294434,4.968178749084473,31.850143432617188,16.871532440185547,18.57792854309082,12.677200317382812,34.109344482421875,12.796175956726074,22.004270553588867,5.467450141906738,9.46498680114746,34.506736755371094,27.651668548583984
2003-06-30,19.86151123046875,0.4115959405899048,31.525379180908203,0.6000000238418579,22.49485206604004,5.543945789337158,6.572958946228027,19.82134246826172,15.724737167358398,10.398721694946287,13.028325080871582,11.00232982635498,15.130756378173828,15.841590881347656,2.716249942779541,17.23422622680664,11.895923614501951,25.542089462280277,9.758475303649902,21.46289825439453,3.996277332305908,3.75,14.55462646484375,13.172138214111328,4.749174118041992,34.98723602294922,17.63086700439453,21.792142868041992,14.18756866455078,32.14160919189453,13.469390869140623,21.2112979888916,5.485779285430908,9.015423774719238,38.54464721679688,28.60786437988281
2003-07-31,17.074283599853516,0.3924166262149811,32.162376403808594,0.5,23.014087677001957,4.975163459777832,6.332124710083008,19.165821075439453,16.71750831604004,10.244009971618652,10.472914695739746,10.834373474121094,14.474273681640623,14.689996719360352,2.368750095367432,16.898540496826172,12.664958953857422,25.30655288696289,9.963971138000488,22.387845993041992,3.832815408706665,3.755000114440918,14.865273475646973,11.475550651550291,4.898965358734131,31.555156707763672,17.221054077148438,20.464832305908203,13.316631317138672,31.183815002441406,14.055459976196287,22.56010627746582,5.595755577087402,6.486607551574707,39.79621887207031,29.399168014526367
2003-08-31,16.448448181152344,0.4953152537345886,32.39115905761719,0.449999988079071,24.175331115722656,5.366342067718506,6.6428751945495605,19.915786743164062,21.37232208251953,10.386987686157228,11.224797248840332,9.895771980285645,15.93224811553955,15.927589416503906,3.337500095367432,17.171754837036133,12.74472713470459,24.22212600708008,9.560688018798828,21.468582153320312,3.9202709197998047,3.164999961853028,15.999753952026367,11.542376518249512,4.771080017089844,31.8834285736084,18.382837295532227,22.357397079467773,14.082338333129885,31.40626716613769,13.478195190429688,22.975893020629883,6.530564785003662,6.952229499816895,39.90767288208008,28.493148803710938
2003-09-30,13.306950569152832,0.5249981880187988,32.696475982666016,0.449999988079071,25.24581527709961,5.292152404785156,6.684145450592041,20.69352912902832,22.171098709106445,9.978151321411133,13.147666931152344,10.544010162353516,14.354870796203612,17.04875946044922,2.7149999141693115,18.1870231628418,12.308745384216309,21.96237564086914,10.227928161621094,20.386951446533203,3.9984734058380127,2.875,15.697446823120115,11.293758392333984,5.162732601165772,36.38685607910156,19.289772033691406,20.49315452575684,13.83473777770996,29.08790397644043,14.775583267211914,21.752120971679688,6.006863117218018,5.988873481750488,38.97964859008789,25.97945785522461
2003-10-31,14.491914749145508,0.5898423194885254,33.69723892211914,0.449999988079071,26.467042922973636,5.570923805236816,6.39867639541626,21.471271514892575,24.29292678833008,10.29203987121582,12.61366844177246,11.053956031799316,14.910290718078612,16.844091415405273,2.3662500381469727,18.33206367492676,13.160243034362791,23.39214324951172,10.472615242004396,21.253910064697266,4.038843631744385,2.9549999237060547,17.473234176635742,11.45832347869873,5.194759845733643,37.27043914794922,21.31825256347656,22.696453094482425,15.865071296691896,28.93206024169922,14.82452392578125,16.098224639892578,6.331557273864746,7.056593894958496,41.256324768066406,27.145606994628903
2003-11-30,16.48417854309082,1.0206176042556765,35.87058639526367,0.3899999856948852,28.217987060546875,7.020982265472412,7.086939811706543,21.927906036376957,32.67531204223633,11.14210033416748,13.18789768218994,13.010597229003906,15.345588684082031,17.269569396972656,2.700000047683716,19.49259757995605,13.925270080566406,25.934335708618164,11.721367835998535,23.419418334960938,4.234489440917969,3.799999952316284,19.30163955688477,11.638474464416504,5.116573810577393,40.71845626831055,26.16308212280273,16.795900344848633,18.05634117126465,29.6021785736084,15.667425155639648,13.668859481811523,6.6038818359375,7.843334197998047,37.0312614440918,27.389537811279297
2003-12-31,16.78413963317871,0.9802802801132202,36.55931091308594,0.4099999964237213,28.223493576049805,7.529065608978271,7.429858684539795,22.776912689208984,37.93043899536133,11.867045402526855,13.497292518615724,13.827296257019045,15.847034454345703,18.42992401123047,3.289999961853028,19.849773406982425,14.885039329528809,27.07171058654785,12.180927276611328,22.8907527923584,4.426876544952393,4.739999771118164,18.41917991638184,11.852529525756836,5.238543510437012,42.58165740966797,25.87557601928711,18.974899291992188,18.879621505737305,28.011838912963867,15.39382553100586,15.894251823425291,7.211374759674072,8.702329635620117,37.85825347900391,29.112058639526367
2004-01-31,15.840381622314451,1.170552134513855,36.52313995361328,0.4099999964237213,28.41068458557129,6.6972479820251465,7.210870265960693,22.3496036529541,29.35486221313477,10.517115592956545,12.606005668640137,13.471936225891112,16.54745864868164,17.68260383605957,2.872499942779541,19.568714141845703,14.632078170776367,27.254714965820312,11.992424964904783,22.44171524047852,4.49550724029541,4.84499979019165,19.6834774017334,12.02509593963623,4.912528991699219,38.0843391418457,26.07683563232422,18.08420753479004,19.709081649780277,27.520282745361328,13.655593872070312,13.871617317199709,6.533181190490723,8.646134376525879,37.93400573730469,29.55467987060547
2004-02-29,18.065265655517575,1.3656957149505615,38.09442901611328,0.4300000071525574,35.02887344360352,6.375762939453125,7.0142107009887695,23.07490348815918,29.704679489135746,11.196491241455078,12.714335441589355,13.93449878692627,15.83508586883545,17.50608253479004,2.9124999046325684,19.515396118164062,14.072895050048828,29.23887252807617,12.621150970458984,22.173315048217773,4.444465637207031,4.135000228881836,23.64185905456543,12.95765209197998,4.974554538726807,38.32466506958008,26.575176239013672,19.621248245239254,20.85423851013184,26.51351547241211,13.80138874053955,15.67665672302246,6.5436553955078125,9.039504051208496,38.56133270263672,30.276535034179688
2004-03-31,17.39643096923828,1.2685800790786743,40.2904052734375,0.4300000071525574,32.97616958618164,6.618563175201416,7.022075653076172,21.98413848876953,29.76000022888184,12.356751441955566,12.458836555480955,14.05479335784912,14.351292610168455,17.139558792114258,2.944999933242798,19.190135955810547,14.912354469299316,28.491697311401367,13.405128479003906,23.28385734558105,4.473912715911865,4.039999961853027,22.991586685180664,12.546600341796877,4.898055553436279,37.21515274047852,25.56536102294922,18.28434944152832,20.674728393554688,25.66476249694824,13.621060371398926,16.199586868286133,6.774085998535156,10.235672950744627,39.34272766113281,28.24458312988281
2004-04-30,18.88287353515625,1.2104334831237793,40.3096809387207,0.4399999976158142,31.25333595275879,6.636549472808838,7.309333324432373,25.076536178588867,39.58000183105469,11.87099266052246,14.245804786682127,14.76930809020996,14.147882461547852,17.442859649658203,3.098750114440918,19.5660457611084,15.803171157836914,26.35771942138672,13.296528816223145,22.68816566467285,4.778450965881348,5.25,23.126882553100582,12.43998908996582,4.920919418334961,40.05916976928711,29.78135681152344,20.100643157958984,21.046131134033203,25.479660034179688,13.730477333068848,16.234615325927734,7.71674919128418,12.049997329711914,33.55865478515625,29.57914352416992
2004-05-31,19.1766414642334,1.120625138282776,40.90089797973633,0.550000011920929,31.9595890045166,6.68825626373291,7.454991817474365,25.26768493652344,34.34000015258789,11.540014266967772,15.264878273010254,15.780643463134766,14.643733978271484,17.54518699645996,2.977499961853028,19.79897689819336,16.093326568603516,25.775089263916016,13.501328468322754,21.817598342895508,4.903362274169922,6.034999847412109,24.658090591430664,12.816024780273438,4.9987969398498535,42.8509521484375,31.415061950683597,20.1893310546875,18.89818954467773,24.792503356933597,13.408367156982422,15.596575736999512,7.923610687255859,10.773550987243652,33.88496780395508,30.855758666992188
2004-06-30,22.343624114990234,1.4274954795837402,38.43929672241211,0.4699999988079071,33.474212646484375,7.580774784088135,8.031562805175781,27.53920555114746,43.20000076293945,12.157977104187012,15.745067596435549,16.489931106567383,15.643451690673828,17.557209014892578,3.086250066757202,19.974777221679688,16.19165802001953,25.96228790283203,12.309918403625488,22.22307777404785,4.831647872924805,6.099999904632568,28.425142288208008,12.813613891601562,5.159815788269043,47.80986785888672,32.222286224365234,24.266345977783203,18.93532943725586,24.93703269958496,12.843242645263672,14.489808082580566,9.725144386291504,11.11875057220459,34.19208526611328,30.553050994873047
2004-07-31,23.17775535583496,1.6320760250091553,38.86999130249024,0.5,35.50837326049805,6.533132553100586,7.785670280456543,28.01711845397949,46.43999862670898,12.825515747070312,16.464506149291992,17.232624053955078,15.551697731018066,17.049583435058594,2.983750104904175,19.45008659362793,15.835968017578123,27.06434631347656,12.577523231506348,22.45512580871582,4.853664398193359,6.40500020980835,30.13650894165039,12.163650512695312,5.136243343353272,48.64677047729492,29.845781326293945,26.018198013305664,16.929752349853516,22.360300064086918,12.835392951965332,13.96626091003418,9.51828384399414,10.380176544189451,33.76082229614258,32.54694366455078
2004-08-31,19.54067611694336,1.7532411813735962,35.988468170166016,0.5,31.37299346923828,7.088428497314453,7.140190601348877,27.780969619750977,45.119998931884766,12.374752044677734,15.661728858947754,18.13776397705078,14.413378715515137,17.960350036621094,2.9200000762939453,19.44404602050781,15.862895011901855,26.8475284576416,13.247374534606934,24.343786239624023,4.781303882598877,7.784999847412109,28.32355499267578,11.719017028808594,5.203402996063232,47.56425476074219,27.373065948486328,27.576446533203125,17.913970947265625,24.41075134277344,12.52956771850586,14.48467254638672,9.164785385131836,9.71385383605957,36.50602340698242,36.02496719360352
2004-09-30,22.230504989624023,2.0646779537200928,38.59262466430664,0.4699999988079071,32.594730377197266,7.92024564743042,7.653097629547119,29.221887588500977,41.77000045776367,13.691289901733398,16.12192153930664,19.063432693481445,15.379785537719728,18.385374069213867,3.1475000381469727,20.19331359863281,16.087263107299805,27.365314483642575,12.70570468902588,24.52117156982422,4.352706909179688,7.875,26.213802337646484,12.701817512512209,5.43466329574585,49.41742706298828,32.64863586425781,29.661998748779297,18.316326141357425,24.502025604248047,12.71646499633789,15.283806800842283,9.782753944396973,11.977746963500977,37.88507080078125,38.37593460083008
2004-10-31,20.02600479125977,2.298788070678711,38.15013122558594,0.4799999892711639,35.24589538574219,7.178354263305664,8.085830688476562,28.4947509765625,40.59000015258789,15.88636589050293,15.822134971618652,20.24258804321289,16.448484420776367,18.356889724731445,3.148750066757202,21.55129623413086,17.04776382446289,26.537233352661133,12.91287899017334,23.01527404785156,4.196320533752441,10.720000267028809,28.028976440429688,13.24238109588623,5.763410568237305,52.37053298950195,34.806575775146484,27.994918823242188,17.920164108276367,23.08758354187012,12.752506256103516,17.93507194519043,12.039910316467283,17.549161911010742,38.75265121459961,38.02091217041016
2004-11-30,20.450782775878903,2.085074186325073,40.805137634277344,0.4799999892711639,33.524566650390625,7.205331325531006,9.023637771606444,28.47202491760254,37.650001525878906,15.902539253234863,16.028959274291992,21.101606369018555,17.731664657592773,18.97062110900879,3.2300000190734863,22.906665802001957,17.50716781616211,25.898059844970703,12.450867652893066,24.19380569458008,4.196320533752441,12.71500015258789,26.5717887878418,12.67396068572998,6.127651691436768,52.23402786254883,34.19966506958008,32.40438461303711,19.56671142578125,23.75126266479492,13.574207305908203,18.122228622436523,13.459144592285156,17.86225128173828,39.17278671264648,38.701473236083984
2004-12-31,22.245800018310547,1.9094150066375728,39.593406677246094,0.4699999988079071,34.36592483520508,7.969703197479248,8.579268455505371,27.47787857055664,38.52000045776367,16.820741653442383,17.380516052246094,19.391939163208008,18.424503326416016,18.922260284423828,3.431250095367432,22.617799758911133,19.21079444885254,27.0952262878418,12.753656387329102,24.02371406555176,4.132957458496094,11.875,27.526376724243164,13.17991542816162,6.005496978759766,56.983245849609375,36.85044479370117,33.9587516784668,21.745603561401367,24.41839599609375,13.71921157836914,18.51618766784668,15.276389122009276,15.598363876342772,38.18040466308594,36.27603530883789
2005-01-31,21.414690017700195,1.8196079730987549,43.1042366027832,0.4000000059604645,34.5671501159668,8.709345817565918,9.4638032913208,29.23892974853516,36.38999938964844,16.7761287689209,16.992883682250977,18.509172439575195,15.154892921447754,19.15180778503418,3.430000066757202,22.1663818359375,18.43803024291992,30.955293655395508,13.187393188476562,23.91326332092285,4.499578952789307,13.664999961853027,27.74468421936035,11.65004539489746,5.883596897125244,50.18687438964844,34.22289276123047,29.269805908203125,20.278568267822266,23.57466697692871,12.720840454101562,17.699504852294922,13.92524242401123,16.336936950683594,38.77452087402344,36.108646392822266
2005-02-28,20.77012062072754,1.743498682975769,46.336647033691406,0.5099999904632568,34.81684875488281,8.862221717834473,9.43629550933838,29.09122657775879,34.459999084472656,16.8050479888916,17.961994171142578,17.88785171508789,15.881939888000488,19.364145278930664,3.069999933242798,22.14155960083008,18.29453468322754,29.07163429260254,13.153377532958984,23.947097778320312,4.514046669006348,14.829999923706056,28.72664451599121,11.379846572875977,6.296760082244873,53.43898010253906,36.83906555175781,28.58833885192871,19.303638458251957,23.177196502685547,13.650140762329102,19.368972778320312,14.899328231811523,15.903432846069336,38.16169738769531,35.467376708984375
2005-03-31,20.441225051879883,2.068939685821533,46.5688591003418,0.5199999809265137,38.44325256347656,8.347394943237305,10.033344268798828,29.540002822875977,34.11000061035156,15.366064071655272,18.942800521850582,18.843955993652344,15.251832962036133,20.066478729248047,3.3299999237060547,22.898645401000977,18.212894439697266,28.882354736328125,11.809737205505373,23.107500076293945,4.7491135597229,19.114999771118164,30.248720169067383,11.826889038085938,6.879592418670654,56.897945404052734,34.30012130737305,28.22789764404297,18.272994995117188,23.92363548278809,13.954411506652832,21.41060256958008,13.563882827758787,14.081071853637695,38.5363655090332,36.12637710571289
2005-04-30,22.37003898620605,2.065591096878052,49.79119110107422,0.5,38.58169937133789,8.513757705688477,10.147042274475098,31.261274337768555,34.7599983215332,14.579667091369627,21.233123779296875,20.27811813354492,15.478025436401367,20.110376358032227,3.508749961853028,23.042652130126957,17.58705711364746,28.52668190002441,12.827998161315918,24.92399406433105,4.419283866882324,16.84000015258789,27.952749252319336,12.838814735412598,7.141104698181152,59.06733322143555,37.34263229370117,28.508283615112305,20.36213111877441,24.67633056640625,14.515559196472168,21.75983619689941,13.391061782836914,14.691198348999023,40.71196746826172,37.7598991394043
2005-05-31,20.74281311035156,2.468357563018799,38.59164047241211,0.4699999988079071,40.719764709472656,9.026336669921877,10.714101791381836,32.45424270629883,36.75,16.444997787475586,20.875173568725582,23.50899887084961,17.653385162353516,21.432891845703125,3.6162500381469727,23.261865615844727,18.67345428466797,33.1952018737793,15.647350311279297,26.208860397338867,4.90557336807251,21.979999542236328,26.70148086547852,16.471952438354492,7.964134216308594,60.53842926025391,44.22355651855469,28.813682556152344,21.12350845336914,25.252817153930664,15.431760787963867,24.37316131591797,13.878110885620115,14.675145149230955,41.763668060302734,40.31665802001953
2005-06-30,20.309814453125,2.79045033454895,41.25286102294922,0.449999988079071,43.98269271850586,9.246655464172363,10.867759704589844,33.70843505859375,41.18000030517578,16.47949981689453,20.85910987854004,22.019569396972656,17.770008087158203,21.30622100830078,3.776249885559082,22.8232421875,18.8874626159668,33.42750930786133,16.102611541748047,25.567413330078125,5.1986002922058105,19.21999931335449,29.83085060119629,16.999412536621094,7.88507080078125,62.590782165527344,47.71207046508789,29.55080223083496,21.792030334472656,24.98665809631348,15.127144813537598,23.88483619689941,14.098063468933104,16.473421096801758,44.62771224975586,40.027931213378906
2005-07-31,21.46467399597168,2.6099209785461426,40.79697036743164,0.6100000143051147,42.430912017822266,9.633334159851074,10.24489974975586,35.65415954589844,43.720001220703125,18.38743019104004,25.00532531738281,24.60481834411621,17.33143424987793,22.79613304138184,3.680000066757202,24.13194465637207,19.77018928527832,34.50402069091797,15.832841873168944,25.418739318847656,5.065444469451904,20.424999237060547,29.43635368347168,18.12388610839844,8.872888565063477,66.28419494628906,53.34117889404297,29.825475692749023,20.622114181518555,25.53243827819824,16.859766006469727,24.216367721557617,13.896434783935549,15.734841346740724,45.48812103271485,40.85781478881836
2005-08-31,21.3063907623291,2.575824022293091,39.65421676635742,0.6200000047683716,41.21996688842773,9.217429161071776,11.786564826965332,36.251075744628906,41.150001525878906,18.007524490356445,24.778249740600582,24.22885513305664,19.10516929626465,22.834548950195312,3.681250095367432,24.068227767944336,19.239933013916016,33.98582458496094,15.286698341369627,26.500043869018555,5.063318729400635,16.795000076293945,29.1302547454834,18.040924072265625,8.6771821975708,64.34510803222656,53.04135513305664,31.305932998657227,20.1207218170166,25.775606155395508,16.369552612304688,23.891681671142575,13.58745002746582,15.389641761779783,44.20387268066406,39.69811630249024
2005-09-30,23.70677947998047,3.0382609367370605,38.08253479003906,0.7699999809265137,45.64789962768555,6.654534339904785,12.431031227111816,37.70891189575195,41.27000045776367,20.869951248168945,23.04523086547852,27.158546447753903,19.341331481933597,22.24565696716309,3.622499942779541,22.766550064086918,19.19972038269043,34.42678451538086,16.407394409179688,26.51936912536621,5.281888008117676,16.315000534057617,30.92748641967773,20.275774002075195,9.240618705749512,65.23178100585938,54.102294921875,32.352073669433594,20.835670471191406,26.251293182373047,16.89087677001953,28.07548141479492,16.016738891601562,14.193467140197754,41.64569091796875,42.22929000854492
2005-10-31,24.38964080810547,3.689446687698364,38.18379974365234,0.800000011920929,48.03385162353516,6.555615425109863,12.260747909545898,39.02900695800781,45.45000076293945,22.11051368713379,23.154550552368164,28.335412979125977,21.597047805786133,22.394609451293945,3.898750066757202,22.952619552612305,20.815168380737305,34.62075424194336,17.96167755126953,29.44622039794922,4.7706685066223145,16.315000534057617,34.729042053222656,20.62215805053711,9.865885734558104,64.83122253417969,59.19546890258789,35.83356094360352,22.63697052001953,27.396015167236328,19.257726669311523,28.6267204284668,18.221960067749023,15.100625991821287,43.7011947631836,43.72784805297852
2005-11-30,24.32648277282715,4.011235237121582,43.29180908203125,1.0099999904632568,49.16582489013672,5.244940757751465,10.574480056762695,34.56363677978516,42.369998931884766,21.828353881835938,18.052215576171875,26.373519897460938,19.61289596557617,19.630529403686523,3.5174999237060547,22.359622955322266,22.041446685791016,34.15626525878906,17.073938369750977,27.63516616821289,4.143904209136963,22.78499984741211,36.44113159179688,18.07609748840332,9.454111099243164,53.48894500732422,50.42075729370117,33.55410385131836,19.182933807373047,24.10618019104004,19.03880500793457,27.300180435180664,19.012962341308597,17.13973617553711,41.32255935668945,41.17237854003906
2005-12-31,23.669767379760746,4.215814590454102,42.72988510131836,1.5,49.71030044555664,5.579916954040527,10.840630531311035,36.76189041137695,46.31999969482422,20.5069522857666,21.073827743530277,27.28458976745605,21.42557144165039,21.20359992980957,3.6675000190734863,21.6929988861084,21.448152542114254,33.537261962890625,17.436309814453125,27.23035049438477,4.093925952911377,24.145000457763672,36.91444396972656,18.198665618896484,9.62551975250244,57.9603157043457,56.43701553344727,36.302764892578125,20.25999641418457,23.3220329284668,18.708255767822266,27.586111068725582,18.786720275878903,18.753360748291016,40.54845428466797,41.2009162902832
2006-01-31,22.60732078552246,5.782740116119385,41.57652282714844,1.7100000381469729,53.340118408203125,5.710309505462647,11.540196418762209,39.51687240600586,48.900001525878906,23.53419303894043,24.02854347229004,26.882736206054688,23.91759490966797,22.002336502075195,4.797500133514404,18.53350257873535,23.709529876708984,33.673789978027344,21.54446792602539,29.65772819519043,4.495528697967529,28.075000762939453,38.48439025878906,19.36220359802246,10.203264236450195,64.56330108642578,46.32817459106445,38.10445785522461,23.00837516784668,20.68968772888184,20.776668548583984,32.279541015625,20.813838958740234,20.80852699279785,39.26669692993164,43.43350601196289
2006-02-28,21.893043518066406,5.547412872314453,43.04632568359375,1.5399999618530271,51.900150299072266,5.694572925567627,11.978730201721191,38.07575607299805,47.09000015258789,23.26933860778809,24.42630958557129,25.5352725982666,21.956218719482425,21.955886840820312,4.670000076293945,17.417612075805664,23.0022029876709,32.200801849365234,19.87526130676269,26.964826583862305,4.069058418273926,28.895000457763672,36.255767822265625,18.01300811767578,9.32918643951416,61.48976516723633,41.15087127685547,42.01411437988281,22.655542373657227,19.78351593017578,19.48685646057129,32.88902282714844,24.80209732055664,22.181304931640625,35.340030670166016,42.874549865722656
2006-03-31,23.162097930908203,6.030247688293457,41.35763549804688,1.5499999523162842,54.53704833984375,5.622630596160889,11.739267349243164,35.7711181640625,49.7599983215332,23.173412322998047,25.637237548828125,23.76261138916016,19.97063636779785,21.338838577270508,5.318749904632568,15.50656509399414,21.856172561645508,31.493885040283203,20.474464416503903,26.81852531433105,4.152592182159424,29.6299991607666,39.99732208251953,16.592470169067383,10.14711093902588,64.12914276123047,35.75720977783203,40.097110748291016,20.33427619934082,16.901643753051758,19.70332908630371,32.4073371887207,25.39835548400879,24.25252723693848,36.32436752319336,44.462921142578125
2006-04-30,21.534103393554688,4.1208319664001465,38.53981018066406,1.399999976158142,49.88605499267578,5.687828063964844,10.74879264831543,34.180538177490234,41.150001525878906,23.014766693115234,25.042333602905277,21.615398406982425,20.167556762695312,22.58261108398437,5.110000133514404,17.285354614257812,20.91498565673828,30.0626277923584,18.35057640075684,24.43961334228516,4.219160079956055,31.850000381469727,36.2874755859375,16.955589294433594,9.519234657287598,61.86475372314453,40.830753326416016,36.55718994140625,20.594261169433597,18.22660446166992,17.687015533447266,25.7094841003418,21.67837142944336,21.233999252319336,35.374202728271484,41.915184020996094
2006-05-31,20.845287322998047,3.8060457706451416,37.34130096435547,1.399999976158142,50.86722183227539,5.485494136810303,10.119593620300291,33.820587158203125,31.09000015258789,23.014766693115234,23.693897247314453,19.59694480895996,19.361875534057617,21.52709007263184,5.207499980926514,14.817144393920898,21.28449440002441,29.59880828857422,18.506366729736328,24.06018447875977,3.827300786972046,36.20500183105469,37.682254791259766,16.82501220703125,8.614057540893555,57.903602600097656,35.417686462402344,35.106040954589844,19.805028915405277,15.401816368103027,16.54370880126953,24.705644607543945,28.751354217529297,24.782371520996094,35.08030319213867,40.47579193115234
2006-06-30,19.6694393157959,4.368640422821045,35.46131896972656,1.2599999904632568,49.44662857055664,4.410877227783203,10.198243141174316,34.981624603271484,31.479999542236328,23.21450424194336,25.755699157714844,20.17984771728516,20.2999324798584,22.031877517700195,4.84499979019165,14.749950408935549,20.50444602966309,29.371732711791992,19.9890193939209,25.71609306335449,3.838434219360352,37.95000076293945,34.720882415771484,18.21566390991211,9.472246170043944,58.979736328125,36.82536697387695,33.91643524169922,20.464269638061523,14.352306365966797,16.60292625427246,21.34972381591797,27.627336502075195,21.707653045654297,33.93643569946289,39.82114791870117
2006-07-31,20.35754776000977,5.295645713806152,39.39117431640625,1.149999976158142,54.40999984741211,4.829033851623535,11.07485294342041,35.32413101196289,38.0,26.882373809814453,27.848957061767575,19.797016143798828,21.624740600585938,23.07355499267578,5.108749866485596,16.214859008789062,22.292619705200195,31.738473892211918,21.93846893310547,26.814132690429688,4.035830020904541,38.94499969482422,39.24949645996094,23.349180221557617,9.705405235290527,66.81018829345703,40.99153518676758,38.41888046264648,20.4178409576416,14.702194213867188,17.813926696777344,21.400346755981445,32.844200134277344,23.27311134338379,33.20602798461914,43.60365295410156
2006-08-31,19.65941047668457,5.097458362579346,38.04883193969727,1.0399999618530271,51.752197265625,3.448667287826538,10.07232666015625,30.633594512939453,33.810001373291016,28.035499572753903,24.67938041687012,19.108081817626957,17.86317253112793,19.261962890625,5.352499961853027,7.503049850463867,20.943906784057617,29.930423736572266,18.9238224029541,25.590898513793945,4.040337562561035,43.55500030517578,43.22243118286133,23.45423698425293,8.446785926818848,62.42252731323242,35.59197235107422,38.88440704345703,13.741888999938965,7.087268352508545,16.38806915283203,21.415647506713867,36.24979019165039,27.72061538696289,30.513154983520508,40.045013427734375
2006-09-30,17.091779708862305,4.838994979858398,41.81675338745117,0.8999999761581421,47.23056411743164,4.019697666168213,9.57953929901123,29.47257232666016,31.88999938964844,30.61253547668457,26.00696182250977,20.976146697998047,17.8219051361084,21.140504837036133,5.482500076293945,7.209214687347412,22.91841506958008,28.469911575317383,19.41948890686035,26.085613250732425,3.9040486812591553,46.619998931884766,37.58967590332031,25.55349540710449,7.851959228515625,66.21894073486328,34.406227111816406,38.89554214477539,14.011153221130373,9.72584629058838,15.95207405090332,18.693944931030277,35.35879898071289,23.112552642822266,30.5687198638916,36.85391998291016
2006-10-31,15.07273006439209,3.46020770072937,40.64469146728516,0.9399999976158142,45.83684539794922,4.583984375,9.573596000671388,32.50865173339844,33.54999923706055,26.512168884277344,28.978290557861328,18.37419319152832,16.844852447509766,25.1799430847168,4.75,8.297595024108887,21.270761489868164,25.813495635986328,17.67921257019043,26.27988815307617,3.373756170272827,40.52999877929688,33.73490905761719,22.913671493530277,7.115438461303711,72.66342163085938,36.88267517089844,38.18219757080078,13.528327941894531,8.359992980957031,15.038251876831056,18.13035011291504,23.5983943939209,17.11565399169922,31.153623580932617,39.34718704223633
2006-11-30,13.790552139282228,3.2754154205322266,36.885215759277344,0.8999999761581421,43.747467041015625,5.552940368652344,8.834430694580078,19.28458976745605,21.309999465942383,24.87657165527344,21.144418716430664,14.208218574523926,15.751134872436523,20.838817596435547,4.362500190734863,8.624217987060547,16.81511688232422,19.775165557861328,15.831954956054688,21.48496437072754,3.014531135559082,30.82999992370605,24.17949676513672,19.33222961425781,6.965678215026856,44.90276718139648,23.845808029174805,36.06401824951172,9.935013771057127,7.622347831726074,14.12914752960205,17.77992820739746,15.131477355957031,13.222081184387209,24.527894973754883,41.93470764160156
2006-12-31,10.942198753356934,2.598352432250977,40.91265869140625,0.5199999809265137,47.388580322265625,6.5758490562438965,8.7742919921875,20.664369583129883,19.649999618530277,17.90555763244629,20.027868270874023,13.37356185913086,16.150691986083984,17.795236587524414,3.398750066757202,5.962589263916016,17.733577728271484,18.119508743286133,17.19084930419922,24.389379501342773,2.551652193069458,26.049999237060547,24.08188247680664,19.38539695739746,7.415833950042725,39.539398193359375,19.62144660949707,38.94573593139648,11.299915313720703,5.81029748916626,16.143512725830078,17.716299057006836,13.756710052490234,9.192035675048828,23.230228424072266,38.68870544433594
2007-01-31,11.724427223205566,3.2002201080322266,37.49848937988281,0.699999988079071,40.62913513183594,3.950006484985352,7.520256996154785,13.497639656066896,16.809999465942383,15.504467964172363,13.76398468017578,11.33829116821289,13.650877952575684,10.426665306091309,3.7074999809265137,5.551139831542969,12.40263557434082,15.85413646697998,15.092909812927246,22.00777816772461,2.3277387619018555,37.2400016784668,18.410234451293945,16.792381286621094,6.6853928565979,24.38197898864746,22.151390075683597,34.936824798583984,9.303628921508787,2.062597751617432,14.591550827026367,15.850485801696776,15.064586639404297,15.52610969543457,16.185216903686523,29.87449073791504
2007-02-28,12.906408309936523,3.8307056427001953,40.62489318847656,0.699999988079071,39.77598190307617,3.772401809692383,6.92221736907959,17.63525390625,19.940000534057617,18.53294944763184,17.434782028198242,12.729530334472656,15.072851181030272,13.003005027770996,3.923749923706055,4.337930202484131,15.186893463134766,21.32178497314453,18.43424224853516,22.03281784057617,2.665881633758545,37.34999847412109,19.275264739990234,17.987228393554688,6.938467025756836,24.4355583190918,28.3533935546875,36.252098083496094,10.139284133911133,2.89611291885376,14.86623764038086,14.363204002380373,18.226755142211918,18.881807327270508,20.82199478149414,34.25213623046875
2007-03-31,15.221841812133787,4.336066722869873,44.66127395629883,0.4900000095367431,41.9578857421875,4.105127811431885,8.089332580566406,17.789377212524414,18.979999542236328,19.74551773071289,18.47212219238281,15.201265335083008,17.440441131591797,12.824947357177734,4.333749771118164,3.703420400619507,17.794246673583984,21.497047424316406,18.428714752197266,22.375829696655277,2.8284058570861816,38.93999862670898,19.97687721252441,16.354473114013672,6.727224826812744,24.21427345275879,28.059764862060547,32.532405853271484,9.312912940979004,5.022437572479248,15.057332992553713,16.798828125,18.806625366210938,21.274145126342773,18.885986328125,32.7066535949707
2007-04-30,17.26561164855957,4.974164009094238,43.30549621582031,0.4600000083446502,42.24597930908203,5.18424129486084,8.215540885925293,20.12493705749512,21.809999465942383,21.816408157348636,21.83744239807129,18.720293045043945,18.045604705810547,14.606990814208984,4.413750171661377,4.08506965637207,19.390703201293945,23.144376754760746,19.70387840270996,23.51861572265625,3.1824333667755127,36.13999938964844,20.98017883300781,18.01633071899414,7.265778541564941,25.783897399902344,34.602787017822266,34.01762008666992,10.24141788482666,6.720161437988281,15.96163272857666,18.030506134033203,21.75921440124512,24.284637451171875,19.658191680908203,36.51724624633789
2007-05-31,17.653287887573242,5.120899200439453,42.78221893310547,0.4199999868869781,41.75528335571289,5.672091007232666,8.272068977355957,22.383434295654297,23.43000030517578,22.78686141967773,24.256254196166992,19.70190048217773,19.592140197753903,16.188640594482422,4.417500019073486,4.714183330535889,18.669021606445312,24.7236442565918,19.031524658203125,24.213119506835938,3.261438369750977,35.27000045776367,21.61375999450684,19.301267623901367,7.215919017791748,37.69145584106445,36.99096298217773,36.0095329284668,10.612820625305176,7.738793849945068,15.44898796081543,19.48448371887207,23.235504150390625,27.519916534423828,22.870262145996094,38.83959197998047
2007-06-30,17.007179260253906,5.642702102661133,41.45820236206055,0.4000000059604645,41.42920303344727,6.022804260253906,8.746281623840332,22.567197799682617,23.799999237060547,22.230621337890625,24.14210700988769,21.236597061157227,19.799409866333008,15.680261611938477,4.151249885559082,4.60092830657959,19.506404876708984,25.247751235961918,18.75924491882324,25.026058197021484,3.4293246269226074,42.5,21.67616081237793,18.86615753173828,7.481839656829834,37.004520416259766,41.89632797241211,35.08686447143555,10.269275665283203,7.17329216003418,15.065743446350098,19.23373794555664,26.619882583618164,29.326215744018555,26.65237045288086,40.02660369873047
2007-07-31,18.247825622558597,6.085959911346436,46.025821685791016,0.3799999952316284,45.59381484985352,6.721977233886719,8.750370979309082,20.725854873657227,23.450000762939453,24.20272445678711,26.920011520385746,22.8527774810791,19.3456974029541,17.308536529541016,4.052499771118164,4.154979705810547,20.70306968688965,25.09737777709961,19.716873168945312,27.668764114379883,3.5793228149414062,28.920000076293945,25.092960357666016,20.30765914916992,7.61469841003418,38.37984848022461,39.19961929321289,33.52113723754883,8.95079517364502,7.137887001037598,15.908492088317873,22.018762588500977,26.868410110473636,29.57508087158203,27.947893142700195,36.47016525268555
2007-08-31,18.803409576416016,6.4153571128845215,47.964088439941406,0.4099999964237213,41.41525268554688,7.769618511199951,9.635597229003906,21.429044723510746,25.40999984741211,24.44757843017578,27.75254249572754,22.976333618164062,19.59121322631836,16.182518005371094,4.577499866485596,3.935179471969605,20.922578811645508,26.866565704345703,19.54916381835937,27.48478507995605,3.863156318664551,30.68000030517578,24.753662109375,21.958290100097656,7.922793865203857,44.00215911865234,39.86601257324219,33.1835823059082,9.350054740905762,6.91113805770874,16.752975463867188,22.446651458740234,25.60765838623047,35.44353103637695,27.151716232299805,37.969512939453125
2007-09-30,17.746665954589844,7.15422248840332,46.37968826293945,0.449999988079071,40.94575119018555,9.269134521484377,10.724339485168455,26.272550582885746,29.3799991607666,28.158462524414062,30.482452392578125,24.23481750488281,20.45585250854492,18.641000747680664,4.449999809265137,5.502939701080322,21.58768081665039,26.77544212341309,21.55325508117676,28.76784896850586,4.031257152557373,38.900001525878906,25.056251525878903,26.38576889038086,7.449435710906982,46.50490188598633,56.25203323364258,37.10792541503906,10.269275665283203,9.61908721923828,15.91270351409912,23.184490203857425,29.95461845397949,31.301088333129883,27.26475524902344,39.633785247802734
2007-10-31,18.94921875,7.948495864868164,45.5587272644043,0.5099999904632568,41.428672790527344,9.309603691101074,11.156288146972656,27.630430221557617,33.9900016784668,29.065059661865234,30.321941375732425,25.270627975463867,21.69714736938477,19.28205299377441,4.461249828338623,6.4047136306762695,23.08290100097656,29.43158721923828,23.975418090820312,28.05625915527344,4.218461990356445,41.83000183105469,28.98338508605957,26.611364364624023,7.675078868865967,48.71319961547852,61.79288482666016,37.0184440612793,10.882089614868164,10.583831787109377,15.054373741149902,21.75059127807617,31.125423431396484,32.986961364746094,29.226675033569336,40.30824661254883
2007-11-30,16.96031379699707,7.657453536987305,39.66862487792969,0.4099999964237213,35.12456130981445,10.105449676513672,10.353814125061035,22.889968872070312,24.36000061035156,26.83165168762207,30.495792388916016,18.880619049072266,20.378677368164062,16.13292694091797,4.476250171661377,5.467429637908936,22.25270271301269,23.79144096374512,22.06507110595703,26.261737823486328,3.752619743347168,43.52999877929688,24.285511016845703,28.512178421020508,7.124336242675781,43.821685791015625,45.40623474121094,32.36280822753906,7.195920944213867,8.724712371826172,14.595973014831545,21.94783973693848,23.10947608947754,24.212383270263672,24.19950294494629,39.01238250732422
2007-12-31,16.84994125366211,7.400811672210693,34.74099349975586,0.4000000059604645,36.64044189453125,9.943583488464355,11.55036735534668,22.823291778564453,27.729999542236328,28.28455924987793,32.80814743041992,21.141292572021484,20.07999610900879,15.014081954956056,4.131249904632568,5.247064113616943,22.028165817260746,24.283912658691406,23.6877498626709,25.185441970825195,4.554521083831787,42.88999938964844,26.20256805419922,28.168380737304688,8.146340370178223,47.970821380615234,44.86186218261719,31.72543716430664,7.121640205383301,7.837332248687744,16.699338912963867,22.06708335876465,24.35759925842285,19.39559555053711,24.642627716064453,40.77474212646485
2008-01-31,19.86565971374512,8.63834285736084,40.388938903808594,0.4399999976158142,38.30167388916016,11.472326278686523,11.989032745361328,23.30824279785156,31.96999931335449,31.72028923034668,33.83842468261719,23.46536064147949,21.846485137939453,15.641766548156738,4.121250152587891,5.6671142578125,22.97391700744629,27.52478790283203,26.164453506469727,27.65325736999512,4.565014839172363,49.20000076293945,28.70139503479004,31.06478881835937,8.61950969696045,48.649173736572266,59.082550048828125,34.2379035949707,7.502326488494873,8.547311782836914,18.42978286743164,23.344709396362305,29.89988136291504,22.79142570495605,28.128358840942383,44.67216873168945
2008-02-29,23.37987327575684,9.472490310668944,39.4686393737793,0.3899999856948852,43.38954544067383,12.364842414855955,12.106316566467283,23.53231430053711,35.290000915527344,35.08965301513672,33.641578674316406,25.04361915588379,23.50320625305176,17.204492568969727,4.434999942779541,5.368030548095703,21.20321273803711,31.680009841918945,28.597278594970703,29.32444953918457,4.447522640228272,60.119998931884766,30.342676162719727,33.44535827636719,8.53708267211914,46.39046859741211,66.6671371459961,35.251468658447266,8.690814018249512,8.490470886230469,18.36881446838379,21.86068344116211,28.81777572631836,26.893728256225582,28.596466064453125,44.87923812866211
2008-03-31,23.89452743530273,9.819852828979492,43.1898307800293,0.4199999868869781,45.61018371582031,12.744781494140623,12.25969409942627,27.41221046447754,38.20000076293945,36.08264923095703,34.81318283081055,24.46687126159668,25.05919647216797,19.54837226867676,4.668749809265137,6.3090410232543945,22.649658203125,32.0691032409668,28.009109497070312,30.68704414367676,4.684120178222656,63.34000015258789,34.34162902832031,33.10850524902344,9.025529861450195,51.22865676879883,61.92065048217773,40.42670822143555,9.396479606628418,10.4370756149292,20.53221321105957,23.10027885437012,32.658164978027344,27.2148551940918,32.25290298461914,47.99967575073242
2008-04-30,25.02597045898437,10.33008861541748,45.65686798095703,0.3799999952316284,50.32588577270508,13.318058013916016,12.531856536865234,28.232601165771484,40.68000030517578,36.84978485107422,36.78999328613281,26.543716430664062,25.41164970397949,19.570114135742188,4.90625,6.344683647155762,23.39301872253418,31.424915313720703,26.83762550354004,31.761228561401367,5.011270046234131,69.33999633789062,36.03603363037109,31.113025665283203,8.617791175842285,53.87189483642578,57.360870361328125,40.32121658325195,8.904372215270996,10.57215690612793,20.70867156982422,21.260713577270508,34.23873519897461,27.311182022094727,32.06248092651367,47.490760803222656
2008-05-31,26.280590057373047,10.752949714660645,45.49651718139648,0.4900000095367431,53.63233947753906,13.365272521972656,13.280534744262695,29.21336555480957,42.04999923706055,37.30671310424805,36.76346206665039,27.63714408874512,27.5219783782959,20.099231719970703,5.25124979019165,6.522994041442871,22.460033416748047,35.640106201171875,28.88661003112793,33.1536865234375,5.156603813171387,69.4000015258789,39.61734771728516,31.68461799621582,8.88709545135498,56.08158874511719,58.97251892089844,46.403785705566406,8.245131492614746,10.380197525024414,21.46445846557617,20.87613868713379,34.2332763671875,24.549558639526367,30.60382080078125,48.77075958251953
2008-06-30,25.505678176879883,10.60986328125,46.27416610717773,0.4600000083446502,52.75447845458984,14.257787704467772,13.128776550292969,27.59109878540039,44.11000061035156,38.44848251342773,36.4150276184082,27.575721740722656,29.22970390319824,19.246505737304688,5.416250228881836,6.337437629699707,22.93815422058105,34.52545547485352,29.489242553710938,34.26474380493164,5.1619873046875,70.06999969482422,40.62978363037109,33.053619384765625,9.585415840148926,54.84732437133789,63.94449234008789,46.68587493896485,8.402979850769043,9.918130874633787,22.406295776367188,21.4053955078125,35.37272644042969,29.93634414672852,32.16775131225586,50.147342681884766
2008-07-31,26.1464958190918,10.589159965515137,46.91664123535156,0.449999988079071,52.63745880126953,15.1840238571167,14.022421836853027,27.20248031616211,42.97999954223633,41.23575973510742,37.82334899902344,28.567806243896484,27.035680770874023,18.642087936401367,5.875,6.066654205322266,24.068265914916992,32.91389846801758,31.910593032836918,36.8023681640625,5.528861045837402,72.08000183105469,37.59235382080078,32.488304138183594,10.069640159606934,58.06205368041992,64.90496063232422,46.10302734375,10.66853141784668,9.325468063354492,21.74678039550781,23.830610275268555,33.29376602172852,29.42254638671875,32.655086517333984,53.34065246582031
2008-08-31,24.316984176635746,10.218966484069824,47.54400253295898,0.4300000071525574,51.31947326660156,15.39085865020752,13.862186431884766,27.06060218811035,38.59999847412109,41.01184844970703,35.73011779785156,29.002716064453125,25.971206665039062,18.67154884338379,5.824999809265137,5.966375350952148,23.71042823791504,34.075923919677734,31.864442825317383,35.420265197753906,5.515244007110596,75.1500015258789,38.603790283203125,31.20269775390625,10.021777153015137,54.78178024291992,64.41302490234375,45.35158157348633,9.870015144348145,9.148307800292969,21.923450469970703,23.13182258605957,30.271751403808597,29.20578384399414,29.793720245361328,51.292781829833984
2008-09-30,19.496978759765625,11.71557331085205,40.2796630859375,0.449999988079071,46.98640060424805,12.978588104248049,13.977971076965332,20.725706100463867,28.200000762939453,36.40055847167969,36.33727645874024,26.491029739379883,25.304838180541992,16.988101959228516,5.380000114440918,4.778486728668213,23.33382225036621,28.69141387939453,31.50519180297852,33.63849258422852,5.88245153427124,52.09999847412109,35.25808334350586,27.724828720092773,9.253480911254885,51.51980209350586,65.62234497070312,41.43598175048828,8.607250213623047,7.620000839233398,21.57766532897949,21.69632148742676,25.988126754760746,23.674510955810547,22.451339721679688,50.32647705078125
2008-10-31,19.824295043945312,11.60871410369873,39.70849609375,0.4199999868869781,46.10406494140625,12.65485668182373,13.326791763305664,17.277585983276367,27.790000915527344,32.25381851196289,33.84789276123047,21.179479598999023,25.173030853271484,17.31958770751953,4.889999866485596,4.267534255981445,21.736164093017575,26.233901977539062,28.61949157714844,31.941593170166016,5.8879594802856445,40.91999816894531,32.7977294921875,23.33781623840332,9.266474723815918,43.77137756347656,57.33340072631836,37.2241096496582,6.564536094665527,7.302801609039307,21.953502655029297,21.691726684570312,20.46591567993164,20.6479549407959,19.515134811401367,47.49845886230469
2008-11-30,22.985355377197266,12.322918891906738,44.98419952392578,0.4799999892711639,49.56995391845703,14.956963539123535,14.198223114013672,21.687971115112305,34.599998474121094,39.32304382324219,38.10286331176758,23.613204956054688,28.15245246887207,18.827869415283203,5.443749904632568,5.080740928649902,22.046016693115234,31.674373626708984,31.21310806274414,35.45076370239258,6.1465744972229,30.6200008392334,36.43084335327149,27.45049095153809,9.718602180480955,47.122501373291016,73.25171661376953,41.46052551269531,6.880227565765381,8.68382453918457,22.36813735961914,22.88576316833496,25.63493537902832,21.386533737182617,20.697874069213867,56.551387786865234
2008-12-31,22.51412582397461,11.635503768920898,47.28984069824219,0.4799999892711639,51.36594772338867,15.606678009033203,14.69609832763672,19.840261459350582,34.06999969482422,41.09870910644531,36.15010833740234,22.32658576965332,28.94310569763184,19.0706729888916,5.616250038146973,5.26996374130249,21.263641357421875,30.74150657653809,32.652278900146484,34.61072540283203,6.3747406005859375,27.81999969482422,37.30435180664063,25.82769203186035,9.60918140411377,46.744606018066406,66.86935424804688,40.8824462890625,6.555250644683838,8.741669654846191,22.82179450988769,23.714954376220703,28.4227352142334,23.33733367919922,20.3944034576416,54.497806549072266
2009-01-31,24.347427368164062,13.896844863891602,46.96075439453125,0.5699999928474426,53.47320175170898,17.11519432067871,14.914055824279783,22.266725540161133,36.0,45.43073654174805,40.39957809448242,24.07381820678711,29.805912017822266,20.85837745666504,5.880000114440918,5.616958141326904,22.862472534179688,32.676666259765625,37.07600402832031,37.39379119873047,6.324656486511231,51.86000061035156,35.67763900756836,25.395885467529297,9.942280769348145,51.99333190917969,76.02952575683594,43.204837799072266,6.360265254974365,9.466270446777344,23.07575035095215,25.691341400146484,30.566307067871094,29.181699752807617,21.32349395751953,54.91958618164063
2009-02-28,25.076793670654297,16.513769149780273,46.93649291992188,0.7599999904632568,55.53794097900391,15.415584564208984,15.0020112991333,24.29613494873047,37.84999847412109,44.05184173583984,38.7436752319336,26.748947143554688,29.503530502319336,21.73054313659668,6.222499847412109,5.877391338348389,23.291927337646484,35.42060852050781,38.77964401245117,37.079776763916016,6.744180679321289,51.25,40.402976989746094,25.694141387939453,10.341192245483398,51.4763298034668,83.73197174072266,41.759613037109375,7.669457912445068,9.902839660644531,23.35148811340332,25.624208450317383,32.89686965942383,31.50981712341309,23.954565048217773,56.58454132080078
2009-03-31,24.14496421813965,17.778390884399414,46.77507781982422,0.7599999904632568,55.43522262573242,15.197515487670898,16.077539443969727,22.707902908325195,39.369998931884766,44.92689514160156,41.18627166748047,28.539295196533203,29.69590187072754,23.925167083740234,6.602499961853027,5.833854675292969,21.526424407958984,36.98478317260742,42.75709533691406,38.24758529663086,6.992210865020752,44.52999877929688,37.80622100830078,26.993452072143555,11.334644317626951,54.16035079956055,87.5030746459961,46.35215377807617,6.7038116455078125,10.41346836090088,25.06890296936035,26.636150360107425,31.98558807373047,31.15658569335937,25.34528923034668,60.33211517333984
2009-04-30,21.529390335083008,17.588117599487305,46.13455581665039,0.6899999976158142,50.83274459838867,15.422329902648926,15.52670192718506,18.409603118896484,32.02000045776367,44.75132369995117,41.207279205322266,24.282611846923828,28.965789794921875,23.13684463500977,6.777500152587891,5.478165626525879,20.73206329345703,34.36822891235352,41.36379623413086,35.86139678955078,7.117024421691895,43.060001373291016,36.5749626159668,26.023630142211918,11.76860523223877,49.490360260009766,79.85514068603516,41.60956954956055,7.920154571533203,9.769487380981444,25.851131439208984,25.509340286254883,28.60417938232422,25.19982147216797,23.07071685791016,57.4413948059082
2009-05-31,20.722248077392575,18.59367561340332,47.51139831542969,0.75,56.14681625366211,15.66962718963623,16.760501861572266,19.39278793334961,33.91999816894531,49.25458908081055,47.63124084472656,26.20644760131836,30.475059509277344,25.07044792175293,5.940000057220459,5.828768253326416,22.950672149658203,36.399227142333984,38.291748046875,39.18585968017578,7.327927112579346,41.470001220703125,38.62272644042969,26.581422805786133,13.276378631591797,53.51193237304688,78.3073501586914,44.1671028137207,9.192205429077148,10.176688194274902,28.339679718017575,30.310317993164062,33.5020751953125,31.92728042602539,24.63874626159668,58.7691764831543
2009-06-30,22.091556549072266,20.33917808532715,49.17018508911133,0.7099999785423279,56.80450820922852,15.085108757019045,15.81680393218994,21.510425567626957,31.049999237060547,49.02273941040039,46.38467788696289,26.764986038208008,32.431861877441406,25.00308990478516,6.677499771118164,6.19459342956543,21.93522071838379,37.26242065429688,37.63032531738281,40.24605178833008,6.9699788093566895,42.08000183105469,40.28995132446289,27.835542678833008,12.828227043151855,53.81779098510742,92.6131820678711,46.64475631713867,8.700098991394043,11.148701667785645,26.95848846435547,29.541746139526367,35.64656066894531,33.57301712036133,25.21041679382324,58.95307540893555
2009-07-31,21.52516365051269,18.20143318176269,47.062049865722656,0.8299999833106995,59.322635650634766,17.19387435913086,16.203157424926758,22.36756706237793,31.850000381469727,49.66460800170898,45.23379135131836,29.199386596679688,33.446685791015625,24.99627685546875,7.197500228881836,6.187248229980469,22.68532371520996,34.94596481323242,41.61508941650391,40.31575393676758,7.362973690032959,47.5,41.52072143554688,26.974729537963867,12.297346115112305,51.66175842285156,108.48269653320312,48.57374954223633,9.2572021484375,10.768722534179688,28.334531784057617,31.610322952270508,37.93911361694336,27.654132843017575,26.13875389099121,63.29755401611328
2009-08-31,22.58265686035156,17.976198196411133,47.110965728759766,0.8399999737739563,57.71014022827149,19.22170639038086,16.24665069580078,21.36941337585449,33.130001068115234,49.845008850097656,45.50545501708984,30.16356086730957,34.31465148925781,24.28124046325684,7.537499904632568,5.9732160568237305,22.781343460083008,36.28077697753906,39.81657409667969,39.58323669433594,6.987162590026856,53.709999084472656,40.86757659912109,28.826011657714844,12.133809089660645,49.82063293457031,113.05829620361328,51.13973236083984,9.40576457977295,10.850248336791992,28.00448226928711,30.68897819519043,38.79595947265625,27.00782012939453,27.00251007080078,63.76433181762695
2009-09-30,23.670795440673828,16.344993591308594,47.51047134399414,0.8399999737739563,56.669090270996094,19.374584197998047,15.916791915893556,21.20845413208008,35.349998474121094,51.03857803344727,46.715576171875,29.45417594909668,34.658935546875,24.18657684326172,7.375,6.224565029144287,23.657909393310547,36.663124084472656,39.4129524230957,40.0157585144043,7.195305824279785,55.59000015258789,41.62120056152344,27.166202545166016,11.984493255615234,51.26277542114258,109.52616119384766,50.068321228027344,9.66574478149414,11.340187072753906,27.46494674682617,28.63335418701172,41.20912170410156,34.5536994934082,28.41855239868164,64.61453247070312
2009-10-31,25.511125564575195,13.989848136901855,47.49660110473633,1.2000000476837158,58.90835571289063,20.74146270751953,16.788978576660156,24.04139709472656,38.880001068115234,53.36883163452149,47.84880828857422,32.073875427246094,36.61876678466797,25.06498908996582,8.977499961853027,6.949039936065674,25.72282218933105,39.83336639404297,38.74591445922852,41.674591064453125,7.883762836456299,50.630001068115234,41.628379821777344,28.2785758972168,12.580242156982422,53.614402770996094,117.28105926513672,52.12901306152344,10.362126350402832,12.153397560119627,28.00347328186035,30.248979568481445,44.00786209106445,38.2213249206543,31.34017562866211,69.09220123291016
2009-11-30,26.55223846435547,13.636102676391602,46.037696838378906,1.149999976158142,59.007957458496094,23.17846298217773,17.466541290283203,22.92913055419922,36.720001220703125,55.952449798583984,51.08974456787109,33.09788131713867,38.7119255065918,25.73137092590332,8.53499984741211,6.941647052764893,25.35985565185547,42.2183723449707,39.06808471679688,43.12957382202149,8.079181671142578,50.130001068115234,42.06618118286133,30.283884048461918,12.985240936279297,52.608665466308594,120.22126007080078,55.1534538269043,10.482829093933104,11.817669868469238,29.878498077392575,29.88527488708496,45.054935455322266,38.35142135620117,33.24449920654297,69.14080810546875
2009-12-31,28.143190383911133,13.678735733032228,46.41572952270508,1.0,58.63894271850586,27.715234756469727,19.77550506591797,25.22591781616211,39.380001068115234,60.38017272949219,58.0190658569336,36.31104278564453,41.084938049316406,25.348093032836918,8.8125,7.409874439239502,27.68896102905273,44.16929626464844,40.848106384277344,47.66376876831055,9.032480239868164,64.69000244140625,43.88095474243164,36.15168380737305,13.761378288269045,54.26993560791016,113.90467834472656,54.64746475219727,11.634177207946776,12.79154109954834,34.98095703125,33.188560485839844,44.500587463378906,45.19247817993164,33.95707321166992,72.57915496826172
2010-01-31,27.910011291503903,13.985407829284668,50.955936431884766,0.8899999856948853,60.02657318115234,25.548015594482425,18.20485115051269,28.79752540588379,37.72999954223633,63.3752326965332,52.00078201293945,36.34626007080078,41.7281494140625,26.703857421875,8.59749984741211,8.05331039428711,27.705211639404297,45.91331481933594,40.626251220703125,48.64054489135742,8.444622993469238,70.31999969482422,44.98871994018555,33.94610977172852,12.853997230529783,51.08549499511719,113.72256469726562,57.65374755859375,12.181995391845703,13.6703519821167,31.45756149291992,32.97671890258789,47.31774520874024,51.76532745361328,35.63648223876953,73.01884460449219
2010-02-28,30.671113967895508,14.072476387023926,48.28313827514648,0.8500000238418579,62.20282745361328,27.50390243530273,19.74899101257324,31.539831161499023,35.38999938964844,65.00243377685547,48.35261917114258,34.49687194824219,42.9463005065918,28.608293533325195,8.1274995803833,9.173904418945312,27.74242401123047,47.80214309692383,43.928016662597656,51.35383987426758,9.101938247680664,79.81999969482422,48.07638931274414,35.4065055847168,13.175952911376951,51.61677932739258,130.11111450195312,61.28302383422852,14.271135330200195,14.549160957336426,32.4320182800293,34.32715606689453,47.97849655151367,52.85190582275391,36.89007186889648,74.80348205566406
2010-03-31,31.54005622863769,14.923544883728027,51.41193389892578,0.9200000166893004,57.48183441162109,28.24637794494629,18.473892211914062,30.75287628173828,41.16999816894531,63.999542236328125,45.7337532043457,35.746337890625,46.119422912597656,28.21758270263672,7.947500228881836,8.554587364196777,27.50227928161621,47.474308013916016,43.006324768066406,51.86639404296875,9.152308464050291,80.83000183105469,51.52312469482422,36.28397750854492,12.634268760681152,48.618431091308594,117.21121215820312,67.58387756347656,16.480979919433594,13.73943328857422,30.59017562866211,34.233856201171875,52.92990493774414,52.24700927734375,36.13242721557617,77.0002212524414
2010-04-30,33.19194412231445,16.361902236938477,49.84770965576172,0.9399999976158142,59.87357711791992,31.873035430908203,19.64449119567871,30.988666534423828,39.900001525878906,62.37625503540039,48.51497650146485,38.08701705932617,48.75304412841797,28.81928062438965,8.057499885559082,9.410045623779297,27.592966079711918,50.96902847290039,40.94661712646485,53.76533889770508,9.412435531616213,93.51000213623048,54.89754867553711,40.05550384521485,13.764577865600586,50.088035583496094,123.01795959472656,71.96355438232422,17.920164108276367,14.493012428283691,33.482398986816406,32.42186737060547,58.93638610839844,57.38106918334961,39.12133026123047,78.54747772216797
2010-05-31,34.62718963623047,17.663949966430664,44.54759216308594,0.7799999713897705,68.07001495361328,33.18268585205078,19.4112548828125,35.52152633666992,50.31999969482422,69.55284881591797,43.15098190307617,40.90951919555664,53.045387268066406,31.34221649169922,9.162500381469728,10.113688468933104,27.583948135375977,55.97417449951172,45.78487014770508,58.25620269775391,9.818553924560549,110.58999633789062,52.891204833984375,42.661231994628906,13.36913013458252,48.963714599609375,134.36265563964844,76.33106231689453,18.746532440185547,16.099594116210938,32.574241638183594,36.31476593017578,67.00040435791016,69.3927001953125,41.91877365112305,85.20555114746094
2010-06-30,33.67186737060547,15.761601448059082,43.93164825439453,0.8999999761581421,61.98945999145508,35.760597229003906,19.743539810180664,32.313255310058594,51.25,72.13622283935547,47.00051498413086,36.85612869262695,49.97248840332031,30.82243537902832,8.569999694824219,9.616292953491213,26.61186408996582,54.62693786621094,40.86851119995117,55.22804260253906,10.263497352600098,152.0,48.62397003173828,38.39315032958984,12.894187927246094,53.9739875793457,119.39728546142578,73.3715591430664,16.51812171936035,16.09193992614746,32.177730560302734,38.43342208862305,61.47582244873047,71.27018737792969,41.1504135131836,77.70211029052734
2010-07-31,35.70488739013672,16.668066024780273,44.350040435791016,0.7300000190734863,65.21259307861328,39.30681991577149,20.609886169433597,33.576698303222656,52.47999954223633,75.0604476928711,47.0306396484375,37.73483276367188,52.27489471435547,31.916305541992188,9.107500076293944,9.967418670654297,28.34000587463379,57.2644157409668,45.0861930847168,56.07880401611328,10.475471496582031,171.49000549316406,50.316688537597656,43.11413192749024,12.356287002563477,55.75952911376953,124.92867279052734,78.05867767333984,18.922950744628903,16.612518310546875,31.882890701293945,41.3502197265625,69.02324676513672,71.94841003417969,41.60976409912109,81.06498718261719
2010-08-31,37.45201110839844,17.000648498535156,48.46706008911133,0.7699999809265137,66.16770935058594,42.332855224609375,21.586423873901367,34.98815155029297,49.18000030517578,78.08982849121094,46.155006408691406,38.47990036010742,50.14360427856445,33.42982864379883,9.09749984741211,10.777226448059082,28.60104179382324,54.93388366699219,45.88349151611328,56.04924392700195,10.689074516296388,148.66000366210938,53.22977066040039,43.47367477416992,13.571407318115234,56.39663314819336,123.28836822509766,76.8550033569336,21.1606502532959,17.668264389038086,31.876190185546875,41.51210403442383,66.72370910644531,76.19766998291016,42.56746673583984,82.575439453125
2010-09-30,36.32921600341797,18.69044685363769,47.05802154541016,0.9100000262260436,69.37178039550781,42.68218994140625,22.415565490722656,34.689945220947266,48.02000045776367,79.24248504638672,50.35369491577149,37.18017578125,49.604042053222656,31.80747413635254,9.067500114440918,10.323127746582031,29.379695892333984,51.21109008789063,47.085575103759766,56.55706787109375,11.003002166748049,135.85000610351562,56.22606658935547,43.52838897705078,14.05642318725586,57.37596130371094,124.07888793945312,77.63249969482422,17.678747177124023,15.859892845153809,31.66204833984375,42.82101440429688,62.21811294555664,73.09398651123047,40.87888717651367,85.29293060302734
2010-10-31,38.19963836669922,20.71925926208496,49.38021087646485,0.9200000166893004,68.66290283203125,43.235084533691406,23.327831268310547,37.076934814453125,56.380001068115234,83.38805389404297,49.3972282409668,41.165260314941406,53.6507568359375,33.98060607910156,8.989999771118164,10.898482322692873,32.01163482666016,54.27134323120117,49.66032409667969,57.86450958251953,11.917899131774902,178.5399932861328,65.44184875488281,41.78757858276367,13.922554969787598,60.91363525390625,115.24895477294922,82.39765930175781,20.501405715942383,16.52951431274414,33.15266799926758,42.6207160949707,63.45826721191406,76.93559265136719,43.35401153564453,86.44327545166016
2010-11-30,37.20439529418945,21.314552307128903,51.6918830871582,0.9399999976158142,67.47624969482422,40.0009765625,21.842853546142575,35.101619720458984,53.34999847412109,82.18425750732422,48.93486404418945,38.53905487060547,52.67578887939453,32.96872329711914,8.345000267028809,10.297656059265137,31.977907180786133,53.33404922485352,42.63534927368164,59.34613037109375,11.490857124328612,159.91000366210938,63.51103591918945,39.682315826416016,14.254130363464355,61.66681289672852,108.90335083007812,77.38150787353516,19.173643112182617,15.85594367980957,34.53007507324219,41.80291366577149,63.19366836547852,83.26213073730469,39.93645477294922,83.96675872802734
2010-12-31,38.36275863647461,22.574506759643555,51.336570739746094,0.8700000047683716,64.58812713623047,39.719635009765625,21.42145347595215,36.09352111816406,55.09999847412109,91.06727600097656,48.2809944152832,38.9522819519043,50.438270568847656,33.004974365234375,7.829999923706055,10.186558723449709,33.13468551635742,52.84691619873047,44.22035217285156,60.98816680908203,12.497220039367676,163.9199981689453,58.90745544433594,43.69425964355469,14.113948822021484,58.4301872253418,119.7847900390625,80.41766357421875,20.761388778686523,15.599658012390137,34.235591888427734,43.99283981323242,60.3224983215332,81.11993408203125,38.04765701293945,88.5133056640625
2011-01-31,40.22948455810547,24.198976516723636,53.98231887817383,0.9399999976158142,66.41486358642578,48.55939483642578,24.136075973510746,36.442901611328125,57.540000915527344,97.81206512451172,53.393550872802734,39.66557312011719,54.20798873901367,33.612525939941406,8.359999656677246,10.087215423583984,32.60820007324219,55.1492919921875,44.3966064453125,68.37853240966797,12.906415939331056,192.5800018310547,56.09270858764648,46.04783248901367,14.198509216308594,65.75872039794922,113.0614242553711,79.12458801269531,23.407629013061523,15.576279640197754,34.79889297485352,42.9984016418457,58.15835189819336,82.33357238769531,39.922340393066406,92.2523422241211
2011-02-28,43.31596374511719,24.839496612548828,57.0446662902832,0.8899999856948853,63.9477424621582,54.63786697387695,25.894336700439453,36.57849884033203,60.060001373291016,100.47051239013672,56.48891067504883,39.94889450073242,56.51184844970703,35.6577262878418,9.1225004196167,10.673081398010254,34.41482925415039,59.84309005737305,45.02704620361328,70.11092376708984,13.016884803771973,184.5800018310547,53.69040298461914,44.01477813720703,13.689092636108398,70.89067840576172,126.76544189453124,87.24864959716797,25.37408828735352,15.98106288909912,32.39585876464844,42.46354293823242,51.31734085083008,92.98253631591795,44.5233154296875,97.52141571044922
2011-03-31,46.61861038208008,28.11176109313965,65.68724060058594,0.8199999928474426,59.23711013793945,60.70049285888672,24.75547409057617,34.42994689941406,58.63999938964844,91.756591796875,58.136566162109375,37.13450622558594,63.80001449584961,34.83969497680664,9.392499923706056,10.923038482666016,34.92332077026367,60.62034225463867,48.93146896362305,72.43672943115234,13.63036823272705,185.63999938964844,48.92996597290039,51.01150131225586,13.557085990905762,78.9186019897461,105.42839050292967,88.67890930175781,29.624608993530277,14.882665634155272,34.075439453125,43.32726287841797,48.60509490966797,76.85743713378906,45.70598983764648,95.19982147216795
2011-04-30,44.46154022216797,28.27443122863769,61.3535385131836,0.8799999952316284,60.888763427734375,58.75601196289063,23.97293472290039,34.933956146240234,56.83000183105469,89.99451446533203,54.85633850097656,37.30815887451172,60.71453475952149,34.20145034790039,8.892499923706055,11.14674472808838,34.98359680175781,58.89455032348633,53.71305465698242,71.50634765625,13.480897903442385,184.25,53.37815475463867,57.473365783691406,14.658466339111328,74.36249542236328,102.25251007080078,89.05282592773438,26.7742919921875,15.79062271118164,35.74272155761719,44.89512634277344,50.360328674316406,82.5408706665039,48.02109146118164,91.35735321044922
2011-05-31,42.247066497802734,28.456056594848636,62.29850006103516,1.0,58.46223831176758,59.27079391479492,22.882713317871094,38.41336441040039,50.08000183105469,81.22843170166016,50.02691268920898,35.583580017089844,59.289005279541016,34.82357406616211,8.869999885559082,11.645218849182127,33.964717864990234,54.39387893676758,56.28748321533203,68.2630386352539,14.15463924407959,218.3600006103516,48.809120178222656,60.72089767456055,15.030853271484377,71.01705932617188,114.01768493652344,92.24549865722656,26.99417304992676,16.53845977783203,33.028709411621094,43.23910140991211,45.4609489440918,66.63172912597656,52.95916366577149,87.39306640625
2011-06-30,41.27241134643555,27.519086837768555,63.74391174316406,0.75,55.65859222412109,69.68433380126953,24.608800888061523,38.241844177246094,50.58000183105469,83.1192398071289,54.05548858642578,33.057960510253906,64.01744079589844,36.27589416503906,9.00749969482422,11.505661964416504,36.87820816040039,57.20398712158203,55.08330154418945,67.87166595458984,13.921414375305176,219.3000030517578,40.54805374145508,64.2940673828125,14.961058616638184,75.28002166748047,114.8490753173828,93.52962493896484,27.85649871826172,16.737045288085938,33.546749114990234,44.78091430664063,40.56607437133789,73.12328338623047,52.88094329833984,93.48683166503906
2011-07-31,39.50524520874024,25.69742774963379,58.55353927612305,0.7599999904632568,53.36365509033203,69.03975677490234,22.67242431640625,34.604393005371094,46.75,73.50711822509766,38.82022476196289,29.45098304748535,62.27634811401367,33.9810676574707,8.755000114440918,10.710689544677734,35.53418731689453,52.429161071777344,50.06831741333008,65.78709411621094,13.387202262878418,197.6100006103516,39.58951950073242,60.90544891357422,14.297844886779783,69.82341766357422,117.79877471923828,86.72628784179688,25.38472366333008,15.823537826538086,32.987525939941406,40.89980316162109,38.96034240722656,69.63961029052734,50.78916931152344,87.80562591552734
2011-08-31,40.89255142211914,25.13681411743164,53.086822509765625,0.8500000238418579,52.73242568969727,73.27287292480469,23.400569915771484,32.56681060791016,44.13999938964844,75.79618835449219,40.10875701904297,27.150495529174805,64.03235626220703,33.10847473144531,8.225000381469727,10.141636848449709,35.98725509643555,51.95998001098633,50.18130493164063,68.8047866821289,14.790504455566406,175.82000732421875,38.63098907470703,58.90493392944336,14.03083324432373,69.35910034179688,100.9279556274414,82.24334716796875,21.577014923095703,15.12331485748291,31.195114135742188,37.83531951904297,35.67087173461914,67.98844909667969,49.46873474121094,89.45087432861328
2011-09-30,48.30846786499024,27.07537269592285,59.36897277832031,0.8999999761581421,58.42190933227539,73.72340393066406,24.30206871032715,35.54753875732422,63.470001220703125,72.44234466552734,38.16269302368164,30.54613494873047,73.25221252441406,35.43357467651367,9.86750030517578,10.278213500976562,38.37184524536133,58.28347396850586,45.81266784667969,73.85641479492188,15.424874305725098,183.8999938964844,44.125144958496094,60.03386688232422,14.776293754577637,75.4373550415039,90.4240493774414,88.21207427978516,27.429048538208008,16.5308837890625,33.009315490722656,40.60842514038086,40.09288024902344,53.41338348388672,58.004337310791016,99.35620880126952
2011-10-31,45.557254791259766,24.090898513793945,61.81951141357422,1.2899999618530271,55.76765441894531,74.44466400146484,25.21455383300781,33.54368209838867,60.93000030517578,67.48052215576172,40.909446716308594,26.95977210998535,72.03409576416016,34.653907775878906,9.5024995803833,10.340930938720703,38.68069076538086,60.06132125854492,46.153839111328125,72.98599243164062,15.682084083557127,191.9499969482422,38.11661911010742,55.32742691040039,15.101044654846191,74.64657592773438,72.95140075683594,85.8564224243164,30.49665069580078,16.177865982055664,33.56855773925781,40.81254196166992,36.64814758300781,51.82329559326172,55.10235595703125,101.6623992919922
2011-11-30,44.40242004394531,22.24955940246582,58.13767623901367,1.100000023841858,57.86205673217773,68.59344482421875,27.694091796875,27.768688201904297,51.7400016784668,68.52059936523438,40.35847473144531,26.24952888488769,76.14757537841797,31.28353500366211,9.4375,8.329615592956543,40.18430709838867,61.76807403564453,46.09215545654297,72.96012115478516,17.39105987548828,150.24000549316406,27.833175659179688,62.71603393554688,16.51924705505371,65.39425659179688,78.43824005126953,89.03507995605469,27.834590911865234,12.28230094909668,37.297245025634766,38.795875549316406,36.59589385986328,37.566505432128906,57.58629608154297,100.5139617919922
2011-12-31,48.0872688293457,25.079938888549805,62.43703079223633,1.1100000143051147,60.3454704284668,76.13037872314453,30.27399253845215,30.84317398071289,58.310001373291016,69.1201400756836,46.2210807800293,28.727489471435547,78.30494689941406,33.17254638671875,10.192500114440918,8.7164888381958,42.1585578918457,66.49276733398438,52.0579948425293,77.7669677734375,19.075109481811523,162.11000061035156,33.1316032409668,66.21263122558594,17.511749267578125,75.75728607177734,98.16919708251952,97.59380340576172,33.32190704345703,13.536229133605955,39.760196685791016,41.23974990844727,38.83367538452149,41.19450378417969,63.767608642578125,104.24930572509766
2012-01-31,51.0743293762207,23.118921279907227,67.80925750732422,1.600000023841858,64.80560302734375,61.89229965209961,30.460006713867188,32.26704025268555,58.27000045776367,73.64031219482422,48.69512176513672,27.47686767578125,78.43975067138672,34.99502944946289,12.3774995803833,10.188690185546877,42.71595764160156,66.57264709472656,52.50499725341797,76.14588165283203,19.453275680541992,144.8300018310547,36.23455429077149,72.58076477050781,17.791316986083984,80.76664733886719,92.99771118164062,102.42145538330078,28.32539367675781,15.30429458618164,37.81724548339844,43.850852966308594,42.086570739746094,40.58409118652344,66.1396484375,110.7763671875
2012-02-29,52.80207824707031,22.13267707824707,71.53495788574219,1.5,68.24172973632812,54.33285903930664,32.638675689697266,28.215065002441406,54.13999938964844,76.31686401367188,54.05229949951172,24.693870544433597,81.07825469970703,33.178749084472656,12.2524995803833,8.781982421875,45.67200469970703,65.52482604980469,53.03586196899414,80.12828063964844,21.62200164794922,140.3800048828125,36.07732391357422,69.83684539794922,19.636343002319336,86.98645782470703,93.4240264892578,102.38394165039062,25.720102310180664,14.381144523620604,41.48752212524414,45.26963806152344,39.64959335327149,41.68444442749024,66.46864318847656,115.01505279541016
2012-03-31,58.92320251464844,24.696632385253903,73.13324737548828,2.900000095367432,63.97794723510742,63.20846939086914,31.430435180664062,31.02801322937012,67.4000015258789,84.0452880859375,53.94095230102539,27.01008033752441,81.07825469970703,36.321380615234375,12.755000114440918,10.05567455291748,44.96880340576172,69.25577545166016,58.329532623291016,78.33155059814453,19.644275665283203,168.33999633789062,34.17054748535156,68.39688110351562,18.85390281677246,92.5071258544922,106.8759307861328,104.68376922607422,27.38699150085449,16.482311248779297,39.27221298217773,49.34005355834961,42.4585189819336,41.164058685302734,68.86060333251953,111.68892669677734
2012-04-30,59.46551132202149,26.314367294311523,75.09103393554688,2.609999895095825,64.08074188232422,61.64533615112305,31.72858047485352,31.76439666748047,72.33000183105469,85.80484771728516,52.98049545288086,26.459453582763672,79.73341369628906,35.516605377197266,13.390000343322754,9.743436813354492,45.192359924316406,68.79756164550781,58.393821716308594,77.38372802734375,19.78377723693848,181.66000366210935,36.18499374389648,66.3802719116211,18.72937393188477,92.05232238769533,109.59342956542967,105.7555160522461,24.99098777770996,16.833194732666016,39.00953674316406,49.40107345581055,42.520729064941406,52.01377868652344,69.54049682617188,111.17493438720705
2012-05-31,60.03320693969727,26.42842483520508,72.26060485839844,2.5999999046325684,61.173316955566406,67.59835052490234,31.76240348815918,33.57316589355469,72.27999877929688,77.57890319824219,50.820159912109375,25.038663864135746,75.51143646240234,37.065128326416016,13.11750030517578,11.304628372192385,47.145164489746094,64.6049575805664,55.80000686645508,76.38353729248047,19.225984573364254,136.13999938964844,36.3775520324707,70.22676086425781,17.242216110229492,91.23988342285156,106.10231018066406,104.51300811767578,21.86949920654297,17.90275764465332,36.50938415527344,46.48023223876953,37.32903671264648,51.98709487915039,62.38888549804688,112.36941528320312
2012-06-30,63.10129928588867,25.8575439453125,77.60206604003906,2.109999895095825,64.66297912597656,77.29566955566406,29.98437118530273,39.67079544067383,72.61000061035156,89.67938995361328,45.32184219360352,29.204326629638672,80.81831359863281,41.089630126953125,13.68000030517578,13.92614459991455,49.70710754394531,70.36775207519531,57.0258903503418,84.2447509765625,18.134912490844727,133.13999938964844,40.62230682373047,71.89380645751953,18.10456275939941,92.7462921142578,105.1083984375,107.59661865234376,25.06425666809082,21.407615661621094,37.87563705444336,48.43537902832031,41.82438659667969,56.63071060180664,64.41815185546875,113.25421142578124
