Date,GIS,TROW,ORLY,ODFL,CSCO,NWL,A,CDE,EOG,WHR,NTRS,KMX,SEE,KIM,HD,RLI,FMBM,KO,COST,JPM,PLD,CNP
2001-12-31,13.836259841918944,10.26109504699707,18.23500061035156,1.0882939100265503,12.860453605651855,14.20969295501709,17.449262619018555,8.0,7.562076568603516,42.302520751953125,38.44989776611328,11.369999885559082,15.006765365600586,5.965869903564453,32.28935623168945,4.743450164794922,9.392512321472168,12.907477378845217,30.89198303222656,19.63542366027832,12.234206199645996,8.520220756530762
2002-01-31,13.255696296691896,11.103134155273438,16.545000076293945,1.1741222143173218,14.06057071685791,14.230306625366213,18.575416564941406,8.800000190734863,6.579708099365234,41.939090728759766,37.28145217895508,10.53499984741211,15.264110565185549,5.569852828979492,31.70699882507324,4.827777862548828,10.436123847961426,11.976715087890623,32.0196533203125,18.566680908203125,12.050691604614258,8.05758285522461
2002-02-28,12.367518424987791,11.762005805969238,16.524999618530273,1.1071760654449463,10.133553504943848,16.16404914855957,19.06504440307617,12.5,6.812000274658203,43.52522277832031,34.55509185791016,13.369999885559082,16.536121368408203,5.661100387573242,31.6500301361084,5.21779727935791,11.218838691711426,12.97317886352539,28.720224380493164,15.949353218078612,12.257732391357422,6.792553901672363
2002-03-31,11.850595474243164,10.402311325073242,16.19499969482422,1.2273343801498413,10.403403282165527,16.30424690246582,18.39181137084961,12.899999618530272,8.24497127532959,43.43828201293945,34.016624450683594,14.75,16.42215347290039,5.952862739562988,29.382627487182617,6.090809345245361,10.566573143005373,15.259517669677734,27.982378005981445,19.32530403137207,13.393508911132812,8.28822135925293
2002-04-30,12.240676879882812,10.71079444885254,16.079999923706055,1.19300377368927,11.205848693847656,17.838991165161133,16.139495849609375,18.5,7.9446258544921875,41.569034576416016,33.184139251708984,13.234999656677246,16.451562881469727,5.915772438049316,26.417125701904297,5.683701515197754,10.20130729675293,15.273262977600098,27.33503532409668,19.79330062866211,13.923711776733398,5.675875663757324
2002-05-31,11.220861434936523,8.054574012756348,14.09000015258789,1.2874137163162231,9.366610527038574,15.712936401367188,11.555315017700195,14.899999618530272,6.651974678039551,33.40079879760742,25.59290885925293,8.850000381469727,5.334351062774658,6.054284572601318,19.59181404113769,5.575446128845215,9.131608963012695,13.779378890991213,24.272279739379883,13.893067359924316,14.305014610290527,3.356809139251709
2002-06-30,12.024861335754396,7.485456943511963,14.3100004196167,1.5852359533309937,7.4421610832214355,16.22062110900879,7.993241310119629,15.800000190734863,6.975942134857178,26.858827590942383,24.339771270751957,8.024999618530273,6.209317207336426,5.858375549316406,16.58432960510254,5.711264610290527,9.392512321472168,13.28519058227539,22.532079696655277,10.570087432861328,13.99035358428955,3.389471530914306
2002-07-31,11.25606632232666,8.466129302978516,13.635000228881836,2.0040738582611084,7.939250946044922,17.035070419311523,8.41555118560791,13.800000190734863,6.991517543792725,27.29808616638184,22.46847915649414,8.194999694824219,5.632133483886719,5.8047356605529785,18.35078239440918,5.961432933807373,9.131608963012695,12.87521743774414,23.61797523498535,11.752141952514648,13.16032600402832,2.8438286781311035
2002-08-31,12.789746284484863,8.229820251464844,12.645000457763672,2.4375040531158447,9.30270004272461,16.045686721801758,10.99224090576172,19.200000762939453,7.752816677093506,30.78182601928711,22.7203311920166,8.9399995803833,13.712701797485352,5.971302509307861,15.297341346740724,5.959536552429199,9.75777530670166,12.198007583618164,19.531970977783203,13.592839241027832,13.635479927062988,3.4990251064300537
2002-09-30,12.311832427978516,8.066913604736328,12.21500015258789,2.6632304191589355,9.494434356689451,14.733672142028809,10.086418151855469,18.0,7.535277843475342,30.63445854187012,22.07858657836914,8.109999656677246,13.867103576660156,6.119417667388916,13.31033992767334,5.899729251861572,9.914318084716797,11.257556915283203,20.09581184387207,13.408995628356934,13.780009269714355,3.0447652339935303
2002-10-31,11.747347831726074,7.759201049804687,12.765000343322754,2.380857467651367,9.927613258361816,15.025545120239258,8.078926086425781,15.399999618530272,8.029074668884277,29.237415313720703,20.756202697753903,7.525000095367432,13.334038734436035,6.567653656005859,14.934335708618164,5.5387372970581055,10.123041152954102,11.190781593322754,21.24434280395508,13.029818534851074,13.954444885253906,2.0313003063201904
2002-11-30,12.481727600097656,8.231637954711914,13.53499984741211,2.7035694122314453,9.217483520507812,15.10547161102295,8.04832649230957,14.100000381469728,7.690804004669189,29.10091590881348,19.84923553466797,7.284999847412109,14.753108024597168,6.844393253326416,15.5564546585083,5.758779525756836,9.9664945602417,11.329302787780762,20.903255462646484,13.621562957763672,14.079035758972168,3.128596782684326
2002-12-31,12.436015129089355,9.263625144958496,14.8100004196167,2.846043825149536,10.651949882507324,16.240375518798828,9.80488109588623,13.5,7.274603366851807,31.74807548522949,22.8934268951416,10.574999809265137,15.753058433532717,7.165037155151367,17.96400260925293,6.333157062530518,10.17522144317627,11.306918144226074,24.09130477905273,17.101762771606445,13.804916381835938,3.5058038234710693
2003-01-31,13.070091247558594,11.514646530151367,16.735000610351562,2.751203775405884,11.923078536987305,15.030756950378418,11.965381622314451,13.899999618530272,8.142571449279785,38.043087005615234,27.232515335083008,15.074999809265137,17.521379470825195,7.501515865325928,21.189706802368164,7.072845935821533,10.123041152954102,13.050573348999023,25.476512908935547,19.916128158569336,14.244858741760254,3.660961627960205
2003-02-28,12.718865394592283,12.353017807006836,19.07999992370605,4.119726657867432,13.840431213378906,12.684885025024414,13.299631118774414,19.899999618530277,7.556865692138672,38.68809509277344,28.65306854248047,17.75,17.54710578918457,8.218342781066895,19.961322784423828,6.956750869750977,9.914318084716797,12.645645141601562,25.747974395751957,20.62825584411621,14.421927452087402,3.625025749206543
2003-03-31,13.051606178283691,12.633522987365724,18.399999618530277,3.781135320663452,13.911438941955566,11.741592407226562,13.532207489013672,31.100000381469727,8.13366413116455,40.67514801025391,27.83430290222168,16.329999923706055,17.36329460144043,8.226370811462402,20.42162704467773,7.098337650299072,11.63627815246582,12.139842987060549,21.682863235473636,20.20450592041016,15.812793731689451,4.168951034545898
2003-04-30,12.510026931762695,12.526402473449709,21.729999542236328,4.128737449645996,14.86301326751709,12.353866577148438,15.252037048339844,34.900001525878906,8.22130012512207,42.295684814453125,30.561880111694336,15.755000114440918,19.5690860748291,8.476641654968262,23.768598556518555,7.244964599609375,11.836174011230469,13.111937522888184,24.676010131835938,21.333526611328125,15.602095603942873,4.459914207458496
2003-05-31,12.635544776916504,14.570039749145508,19.280000686645508,4.387507915496826,17.206439971923828,12.452558517456056,17.896047592163086,57.79999923706055,9.00753688812256,43.82749938964844,30.546579360961918,15.46500015258789,19.90363883972168,9.219962120056152,22.79893684387207,8.101238250732422,11.730966567993164,14.409247398376465,25.880220413208008,21.82675552368164,17.324798583984375,4.450586795806885
2003-06-30,13.099886894226074,16.602420806884766,20.020000457763672,4.35145902633667,16.737762451171875,12.790830612182615,19.35882568359375,70.0,8.962751388549805,41.80280685424805,30.86835479736328,14.600000381469728,18.28237533569336,10.503545761108398,24.04545021057129,8.372173309326172,13.25282096862793,14.353389739990234,26.17953491210937,25.161643981933597,19.58524703979492,5.300833702087402
2003-07-31,13.76162815093994,15.815943717956545,22.450000762939453,4.795618057250977,14.8488187789917,13.033414840698242,16.53120231628418,46.29999923706055,9.631183624267578,39.76336288452149,27.96637725830078,12.960000038146973,18.043413162231445,8.905411720275879,22.648805618286133,7.537126541137695,13.6159086227417,14.430442810058594,26.10296058654785,22.735427856445312,16.15003204345703,5.004021644592285
2003-08-31,13.417231559753418,15.605560302734377,22.600000381469727,5.692945957183838,16.830078125,13.074064254760742,17.92053985595703,40.79999923706055,11.676713943481444,41.92057037353516,28.13463592529297,10.9350004196167,19.583799362182617,9.480486869812012,22.709102630615234,7.94521951675415,12.681482315063477,14.474848747253418,28.741361618041992,23.442880630493164,18.685548782348636,5.384477615356445
2003-09-30,13.428285598754885,15.336169242858888,19.70499992370605,5.428383827209473,13.322033882141112,12.096781730651855,12.54682159423828,36.0,11.308327674865724,37.6257438659668,28.64701461791992,9.789999961853027,18.058124542236328,10.617810249328612,23.641508102416992,8.051885604858398,13.047348976135254,12.820332527160645,28.80461883544922,24.144397735595703,20.15320205688477,5.1685075759887695
2003-10-31,12.760430335998535,15.831228256225586,19.145000457763672,5.5635600090026855,12.853352546691896,11.259608268737791,13.201704978942873,47.400001525878906,12.889967918395996,36.979583740234375,27.269615173339844,10.774999618530272,17.039779663085938,10.824600219726562,25.34865951538086,8.202218055725098,13.047348976135254,11.551331520080566,29.042484283447266,24.23590087890625,19.975135803222656,4.894492149353027
2003-11-30,13.017582893371582,18.38585662841797,21.770000457763672,6.054065704345703,13.314936637878418,13.088202476501465,14.009599685668944,45.900001525878906,14.707693099975586,39.99134826660156,31.440263748168945,13.925000190734863,18.899995803833008,12.136870384216309,27.051055908203125,9.09779930114746,14.096261978149414,11.409452438354492,34.07322311401367,23.162288665771484,21.806442260742188,5.320160865783691
2003-12-31,14.22519874572754,19.402341842651367,22.524999618530277,6.720302104949951,13.719711303710938,13.717659950256348,14.750167846679688,39.29999923706055,13.98083782196045,42.87841033935547,32.61335372924805,15.524999618530272,19.583799362182617,12.504029273986816,27.692516326904297,9.110889434814451,14.123363494873049,12.085721015930176,33.94001770019531,23.998958587646484,22.281003952026367,5.38690185546875
2004-01-31,15.258893966674805,18.66929626464844,22.864999771118164,6.82651424407959,12.81074047088623,12.203557014465332,13.532207489013672,35.29999923706055,14.560088157653809,42.28985595703125,29.29696655273437,14.46500015258789,18.85955619812012,11.423748970031738,26.733570098876957,9.525120735168455,14.196910858154297,12.04218578338623,33.14076614379883,23.166616439819336,20.537803649902344,5.363063335418701
2004-02-29,15.08035945892334,19.149677276611328,25.450000762939453,6.784029006958008,12.370464324951172,12.757097244262695,14.688963890075684,40.09999847412109,17.868227005004883,39.76613998413086,28.363819122314453,16.5,19.21616744995117,11.4517822265625,25.930147171020508,9.4900541305542,14.278810501098633,12.422402381896973,32.734615325927734,22.68255424499512,21.4149227142334,5.759101867675781
2004-03-31,14.1531343460083,18.59206199645996,24.76499938964844,6.015442371368408,12.704225540161133,12.55677890777588,13.587288856506348,36.70000076293945,19.115398406982425,42.2487907409668,29.30128669738769,15.75,19.094846725463867,11.622126579284668,24.839113235473636,9.11537742614746,14.196910858154297,12.173564910888672,31.041322708129883,21.47240447998047,20.85224151611328,5.830345153808594
2004-04-30,14.29868507385254,18.67972946166992,27.780000686645508,5.8860578536987305,13.77651596069336,13.164400100708008,14.695080757141112,33.29999923706055,19.582942962646484,43.22025680541992,31.048316955566406,12.765000343322754,19.039697647094727,12.596991539001465,25.56011962890625,9.618977546691896,13.311314582824709,13.03830337524414,31.971925735473636,22.40853309631348,22.498767852783203,5.9418158531188965
2004-05-31,13.51586627960205,19.674558639526367,29.82999992370605,5.181198120117188,13.549277305603027,13.770920753479004,14.089166641235352,36.29999923706055,22.29527282714844,44.04320526123047,30.89204978942871,13.324999809265137,18.304431915283203,12.84779930114746,25.33122444152832,9.843212127685549,13.806367874145508,12.275140762329102,31.51396942138672,22.139009475708008,24.240177154541016,6.438314914703369
2004-06-30,13.370247840881348,19.8002872467041,27.56999969482422,6.175724983215332,12.512483596801758,13.65212345123291,19.68320846557617,36.5,25.071048736572266,48.0390510559082,33.77190017700195,15.93000030517578,18.65736198425293,13.936450958251951,26.320837020874023,10.174262046813965,13.636234283447266,12.936675071716309,30.65461158752441,21.44913673400879,24.99573516845703,6.925696849822998
2004-07-31,13.973237037658691,20.599523544311523,28.18000030517578,6.467324733734131,12.725528717041016,13.1976318359375,20.044307708740234,42.29999923706055,29.419130325317383,47.86216354370117,34.394527435302734,15.635000228881836,17.447847366333008,13.84830379486084,24.897729873657227,10.245245933532717,13.85796070098877,12.779389381408691,30.43565368652344,21.47445678710937,25.317140579223636,7.282288551330566
2004-08-31,14.08739948272705,20.668920516967773,28.200000762939453,6.834237575531006,12.391763687133787,13.395743370056152,19.59140968322754,37.70000076293945,26.63812255859375,49.58665084838867,36.46976089477539,13.4350004196167,18.4955997467041,13.193526268005373,26.790847778320312,11.904059410095217,14.164162635803224,12.658079147338867,34.165061950683594,23.410249710083008,25.157695770263672,6.484025001525879
2004-09-30,13.874312400817873,22.69733047485352,30.450000762939453,7.359503269195557,12.455682754516602,13.56643772125244,21.825349807739254,43.09999847412109,28.19837951660156,51.98821258544922,35.85057067871094,13.710000038146973,19.010290145874023,14.00865364074707,27.33955955505371,11.560786247253418,14.10828971862793,12.714666366577148,35.36362838745117,24.45227432250977,26.626853942871094,6.504413604736328
2004-10-31,14.287276268005373,24.20406723022461,32.81999969482422,8.267128944396973,13.187113761901855,13.901625633239746,20.75427627563477,51.79999923706055,33.241920471191406,51.245079040527344,35.678863525390625,14.94499969482422,20.319061279296875,15.789351463317873,26.53468894958496,12.144350051879885,14.92150592803955,12.324493408203123,35.32115936279297,25.62798309326172,29.994808197021484,6.287928581237793
2004-11-30,14.475380897521973,24.314905166625977,32.720001220703125,7.635653018951416,14.373029708862305,14.75243091583252,22.03344345092773,55.400001525878906,26.502317428588867,57.03141021728516,36.027381896972656,15.710000038146973,20.91095352172852,16.167314529418945,27.5816707611084,11.715469360351562,14.977808952331545,12.50022029876709,36.32630920410156,26.524169921875,30.827999114990234,6.45720100402832
2004-12-31,14.89568328857422,24.859582901000977,36.560001373291016,7.806558132171631,15.388514518737791,14.94224739074707,22.98209953308105,65.5999984741211,28.311071395874023,58.37803268432617,36.03303909301758,16.34000015258789,21.33115768432617,18.28666877746582,27.779523849487305,12.772116661071776,15.569042205810549,12.56148624420166,38.43394088745117,26.84652137756348,31.18425178527832,5.939431667327881
2005-01-31,15.354161262512209,25.14247703552246,31.690000534057617,8.924674987792969,13.97535800933838,15.82163143157959,21.354076385498047,47.79999923706055,25.83910179138184,57.66741943359375,38.380348205566406,15.904999732971191,19.065242767333984,16.263378143310547,25.034412384033203,10.543126106262209,16.164573669433594,13.209508895874023,37.64740753173828,27.71599578857422,28.652359008789062,6.043119430541992
2005-02-28,15.28610897064209,24.08099937438965,31.190000534057617,10.888626098632812,13.8688383102417,15.44492530822754,19.315980911254883,48.09999847412109,27.28728485107422,53.00505065917969,38.11204528808594,17.729999542236328,19.2537899017334,16.5537166595459,23.59873390197754,10.782875061035156,15.880988121032717,12.999539375305176,40.63471984863281,27.29999542236328,29.301576614379883,6.300163745880127
2005-03-31,15.461289405822754,26.310131072998047,28.350000381469727,9.43738842010498,12.697123527526855,15.76183795928955,17.406415939331055,47.79999923706055,29.20511054992676,49.50343704223633,39.359474182128906,17.399999618530273,17.46446418762207,17.96371078491211,22.886613845825195,10.581453323364258,15.995237350463867,13.44676113128662,37.62153625488281,29.895002365112305,30.665119171142575,6.925143241882324
2005-04-30,16.155406951904297,28.061595916748047,29.690000534057617,9.246210098266602,15.615755081176758,16.266433715820312,19.68320846557617,54.29999923706055,25.53034210205078,52.16949844360352,38.58757781982422,18.84499931335449,19.231624603271484,19.02120780944824,22.60968017578125,10.944014549255373,16.052364349365234,13.54043674468994,33.36452865600586,29.92122459411621,32.653709411621094,7.362614154815674
2005-05-31,17.033267974853516,30.220916748046875,32.290000915527344,8.012221336364746,17.13543128967285,17.345237731933594,21.78862571716309,49.0,26.22855567932129,56.05109405517578,40.63441848754883,22.149999618530277,22.06797409057617,20.51189994812012,24.7212028503418,12.177517890930176,16.028240203857422,14.2160005569458,38.06364440917969,31.31060028076172,34.443511962890625,7.887423992156982
2005-06-30,16.7724666595459,27.678544998168945,31.670000076293945,7.76600456237793,19.10959815979004,17.297245025634766,20.682397842407227,54.5,27.80550575256348,55.26564407348633,39.41649627685547,23.06999969482422,22.120136260986328,21.41215133666992,25.296449661254883,12.424617767333984,16.69007682800293,14.344735145568848,37.38623046875,30.545011520385746,36.13001251220703,8.40856647491455
2005-07-31,17.271350860595703,30.76825523376465,34.90999984741211,8.046980857849121,18.903657913208008,17.93473243713379,20.786338806152344,43.79999923706055,27.28085708618164,59.23727035522461,42.22128677368164,28.71500015258789,24.495330810546875,23.08182716369629,27.14188766479492,12.475282669067385,17.96795654296875,14.666367530822754,40.14552307128906,33.85232162475586,36.162391662597656,8.876567840576172
2005-08-31,16.993749618530273,29.85765838623047,34.43000030517578,9.011576652526855,18.420774459838867,18.708148956298828,20.623943328857425,45.09999847412109,26.732332229614254,57.425559997558594,41.90854644775391,26.350000381469727,24.0235652923584,23.393617630004883,26.37572860717773,12.637593269348145,17.96795654296875,14.298792839050291,40.045501708984375,32.8287239074707,34.94410705566406,9.256211280822754
2005-09-30,18.188081741333008,31.974031448364254,35.599998474121094,8.562589645385742,18.988868713378903,18.744823455810547,22.32582664489746,40.900001525878906,29.016456604003903,69.02654266357422,43.933990478515625,24.920000076293945,24.53439140319824,22.53628921508789,25.37748908996582,12.59957504272461,17.829891204833984,16.10074806213379,38.48607635498047,34.87581253051758,36.50497817993164,9.775357246398926
2005-10-31,18.5949649810791,33.04883575439453,37.9900016784668,9.046337127685549,19.116697311401367,19.54160690307617,24.79419708251953,36.09999847412109,30.383516311645508,72.96615600585938,45.42057800292969,24.0,24.162696838378903,21.701778411865234,26.047605514526367,12.997764587402344,18.38434219360352,16.347549438476562,40.56951904296875,34.69507598876953,34.6710319519043,9.912070274353027
2005-11-30,17.00161361694336,33.65806198120117,33.310001373291016,8.359824180603027,20.529848098754883,16.2744197845459,24.78120994567871,39.09999847412109,27.73026466369629,66.73152923583984,43.76290512084961,23.93000030517578,20.38494110107422,17.668214797973633,25.05001449584961,13.173857688903809,18.65265464782715,16.183670043945312,43.06568908691406,29.689897537231445,32.22083282470703,8.629207611083984
2005-12-31,17.08109474182129,33.13507843017578,35.540000915527344,8.342442512512207,22.66733932495117,15.999008178710938,23.644458770751957,34.20000076293945,26.64636993408203,63.29765319824219,43.06226348876953,22.65999984741211,19.78648376464844,20.26661872863769,25.984155654907227,13.662200927734377,18.770153045654297,16.702308654785156,44.470008850097656,30.033958435058597,33.2488899230957,8.583587646484375
2006-01-31,17.7670955657959,41.60489273071289,33.02000045776367,6.543603420257568,23.47689437866211,18.0896110534668,23.93676376342773,39.5,35.08731460571289,51.9853515625,52.91341400146485,20.8700008392334,18.7205867767334,19.82674217224121,21.37198638916016,13.263882637023926,18.92574119567871,19.298524856567383,48.4381103515625,31.96455192565918,39.83744430541992,8.869356155395508
2006-02-28,18.51187896728516,39.8174057006836,32.86000061035156,6.526224136352539,19.89784049987793,16.746980667114258,24.57334327697754,41.70000076293945,32.78249740600586,53.44109344482422,56.97990417480469,22.8700008392334,17.549148559570312,18.857378005981445,19.53097152709961,13.59679126739502,18.48216438293457,19.51009559631348,48.645877838134766,31.02601432800293,37.283203125,9.536653518676758
2006-03-31,17.54243278503418,39.5795783996582,32.43000030517578,6.694230079650879,19.22321319580078,16.18416404724121,23.865314483642575,49.400001525878906,35.34474182128906,53.88334274291992,54.06754302978516,19.75,17.451595306396484,17.572317123413086,18.42312431335449,13.001202583312988,18.36387634277344,19.28074836730957,50.34921646118164,29.68623161315918,35.40768814086914,9.151984214782717
2006-04-30,16.89512062072754,32.88979721069336,29.43000030517578,8.443827629089355,17.398178100585938,15.04602336883545,21.99454498291016,45.5,34.61781311035156,56.29930114746094,51.79413986206055,22.11000061035156,19.721656799316406,17.306798934936523,20.953392028808597,12.710453033447266,17.986787796020508,18.536163330078125,49.035640716552734,32.51968765258789,31.107816696166992,8.542917251586914
2006-05-31,17.35066032409668,32.85078430175781,26.959999084472656,7.89345645904541,17.320066452026367,14.320582389831545,19.88343048095703,48.20000076293945,47.16792297363281,55.96126937866211,47.74861145019531,18.36000061035156,18.25856208801269,16.30266761779785,18.156417846679688,11.957261085510254,18.76105499267578,18.366504669189453,44.791534423828125,27.88874626159668,30.8679256439209,7.935644626617432
2006-06-30,18.55612564086914,32.66322326660156,28.520000457763672,9.22014045715332,17.10702896118164,14.427834510803224,19.376766204833984,40.400001525878906,47.56830596923828,57.559791564941406,47.12081527709961,19.420000076293945,19.13698387145996,18.90954971313477,19.30120849609375,11.400339126586914,18.76105499267578,19.24664878845215,46.997833251953125,29.46670150756836,33.47614288330078,7.714010715484619
2006-07-31,18.84099578857422,38.25517272949219,28.8700008392334,8.892813682556152,18.207725524902344,12.951616287231444,19.62360000610352,30.700000762939453,51.77176284790039,48.273807525634766,52.53682327270508,20.75,19.167295455932617,19.455076217651367,19.87396812438965,11.039266586303713,19.185829162597656,18.61425399780273,51.54062271118164,32.95769500732422,35.85036849975586,8.227555274963379
2006-08-31,18.95641326904297,37.046478271484375,22.350000381469727,8.695838928222656,16.517616271972656,10.705156326293944,23.085826873779297,29.0,52.05746841430664,41.1863899230957,48.79343032836914,14.1899995803833,14.482396125793455,16.827590942382812,16.29640007019043,11.43152141571045,19.34776496887207,16.544065475463867,50.8476676940918,23.73091697692871,31.27517509460449,8.779019355773926
2006-09-30,20.2275390625,39.26387023925781,25.540000915527344,10.630824089050291,15.615755081176758,10.53938102722168,23.4235954284668,28.899999618530277,39.9284782409668,50.50721740722656,55.624656677246094,13.399999618530272,16.53172492980957,17.40462875366211,16.581687927246094,12.621582984924316,19.33127212524414,16.39129638671875,45.43958282470703,28.41695785522461,30.71063995361328,8.62586784362793
2006-10-31,21.58777618408203,35.381832122802734,26.770000457763672,8.209195137023926,16.02052879333496,11.135093688964844,19.266334533691406,15.300000190734863,35.531715393066406,53.19108200073242,51.55552291870117,14.0,16.834440231323242,18.2183895111084,18.16581153869629,14.403451919555664,19.029216766357425,16.95021629333496,47.18752670288086,32.662376403808594,28.414867401123047,8.060830116271973
2006-11-30,21.4173641204834,26.04724884033203,27.11000061035156,8.788535118103027,12.61900520324707,8.870657920837402,14.414024353027344,7.199999809265137,32.20105743408203,31.29478645324707,40.209022521972656,10.619999885559082,12.953103065490724,11.270444869995115,16.55200958251953,13.313159942626951,18.055543899536133,14.123043060302734,41.43171310424805,29.07319641113281,15.255751609802246,6.3734211921691895
2006-12-31,19.20733070373535,23.5269775390625,30.739999771118164,8.243958473205566,11.575116157531738,6.43259859085083,10.152823448181152,8.800000190734863,26.494651794433597,28.030744552612305,37.43863296508789,7.880000114440918,11.53023624420166,9.355826377868652,16.325254440307617,14.250375747680664,18.40849876403809,14.634283065795898,38.27120971679688,22.222488403320312,14.86849594116211,7.089845657348633
2007-01-31,15.88666534423828,19.35202980041504,35.0099983215332,6.804305553436279,11.908878326416016,4.269567966461182,9.983939170837402,9.399999618530272,21.8349723815918,20.405994415283203,43.20186614990234,12.4399995803833,10.774383544921877,3.899966239929199,16.91700553894043,11.757550239562988,15.950685501098633,14.357901573181152,33.88945770263672,18.96223258972168,9.142024040222168,5.94303560256958
2007-02-28,16.28244400024414,25.829530715942383,38.84999847412109,8.154159545898438,13.719711303710938,6.993256092071533,11.861204147338867,13.800000190734863,25.3713493347168,31.143444061279297,39.25866317749024,12.760000228881836,14.88114070892334,6.551155090332031,18.89878463745117,11.249305725097656,15.154312133789062,14.063883781433104,35.557594299316406,23.58418273925781,12.35568141937256,6.062694549560547
2007-03-31,17.994524002075195,28.101747512817383,38.08000183105469,9.724159240722656,13.243922233581545,6.997208118438721,13.192829132080078,12.300000190734863,27.145902633666992,29.64647483825684,38.96382141113281,14.699999809265137,14.488752365112305,5.477462291717529,17.1241455078125,10.55624294281006,15.154312133789062,15.811634063720703,33.623390197753906,24.37748146057129,12.174458503723145,6.427756309509277
2007-04-30,19.072519302368164,31.500659942626957,40.65999984741211,10.320877075195312,15.629962921142578,8.65072250366211,15.083080291748049,14.199999809265137,29.654407501220703,39.76778411865234,43.41330337524414,16.1299991607666,14.441632270812988,5.395218372344971,18.798154830932617,11.689623832702637,15.61013126373291,16.421161651611328,36.35556411743164,27.66263198852539,13.01542854309082,6.990476608276367
2007-05-31,19.337995529174805,30.549779891967773,38.27999877929688,10.364330291748049,15.3388032913208,9.390220642089844,16.681034088134766,15.140000343322754,28.841238021850582,45.03355407714844,42.43339920043945,17.309999465942383,14.849990844726562,6.88109827041626,19.77646827697754,12.490771293640137,15.141823768615724,16.068622589111328,37.580848693847656,31.105249404907227,14.99960994720459,7.30436897277832
2007-06-30,20.84346580505371,30.990070343017575,36.13999938964844,8.814604759216309,16.716455459594727,10.584237098693848,18.07761573791504,20.5,33.45184326171875,49.06630706787109,42.41910171508789,20.899999618530277,15.51760482788086,7.149760723114014,19.46591567993164,12.50027561187744,14.33009433746338,17.837539672851562,41.56155776977539,31.362926483154297,15.078457832336426,7.322041034698486
2007-07-31,22.17606544494629,33.180397033691406,38.77999877929688,7.670412540435791,16.617040634155273,9.821587562561035,18.7856502532959,22.809999465942383,34.70168685913086,52.30965805053711,36.09563446044922,19.8799991607666,17.620351791381836,6.786214828491211,19.992027282714844,11.943711280822754,15.084314346313477,19.135143280029297,44.298709869384766,30.447811126708984,15.66377067565918,7.934442520141602
2007-08-31,23.092456817626957,36.29155349731445,38.119998931884766,8.892813682556152,17.000503540039062,10.160032272338867,20.182233810424805,18.059999465942383,39.03889083862305,56.89450454711914,38.44194412231445,24.25,17.373083114624023,7.539817810058594,21.314510345458984,12.677350997924805,14.455798149108888,19.06822967529297,43.75152587890625,29.860200881958008,17.18360710144043,8.675870895385742
2007-09-30,23.247142791748047,37.65417098999024,41.709999084472656,9.672019958496094,18.48468017578125,10.326300621032717,22.33881187438965,14.979999542236328,37.3463249206543,61.86364364624024,40.74797439575195,25.1200008392334,16.850492477416992,8.803468704223633,24.01153564453125,13.641693115234377,13.133273124694824,18.549753189086918,44.28648376464844,32.10581588745117,18.506807327270508,8.708974838256836
2007-10-31,23.5330753326416,39.41462326049805,48.869998931884766,10.393292427062988,19.123802185058597,11.596702575683594,23.55352210998535,17.920000076293945,45.11859130859375,77.19308471679688,40.541500091552734,24.56999969482422,17.18623161315918,8.775324821472168,26.14920234680176,13.87615203857422,12.363114356994627,18.027000427246094,43.8192138671875,30.583126068115234,18.928037643432617,8.708974838256836
2007-11-30,23.493391036987305,30.58184051513672,47.560001373291016,10.178940773010254,15.132866859436035,9.976896286010742,18.46735954284668,15.779999732971191,39.58540725708008,62.525146484375,34.63591384887695,19.899999618530277,15.8572359085083,7.649418354034424,20.980976104736328,12.629507064819336,12.108202934265137,17.046897888183594,40.80672073364258,26.295164108276367,16.108535766601562,8.09249496459961
2007-12-31,24.101896286010746,30.1684684753418,47.27000045776367,10.09783172607422,14.1954984664917,10.262897491455078,17.518985748291016,17.1200008392334,35.00844955444336,53.10335159301758,34.21316146850586,19.93000030517578,16.49250030517578,8.48607349395752,20.970932006835938,12.617476463317873,10.911840438842772,19.00600242614746,42.20258712768555,26.15132141113281,16.356037139892578,9.21676254272461
2008-01-31,24.355186462402344,34.680721282958984,53.20000076293945,11.045048713684082,15.55184555053711,12.177360534667969,21.676254272460938,19.920000076293945,37.46675109863281,57.972599029541016,35.98927688598633,27.86000061035156,18.191925048828125,8.958470344543457,23.88063240051269,13.68852710723877,9.83222484588623,20.05470848083496,48.170711517333984,27.3740177154541,18.19858169555664,9.79631519317627
2008-02-29,23.7271671295166,40.4100341796875,60.18000030517578,12.54842758178711,13.606085777282717,11.499743461608888,22.748048782348636,24.350000381469727,35.9029655456543,52.57745361328125,37.526145935058594,32.900001525878906,18.81503677368164,9.579468727111816,22.94900894165039,14.017314910888672,8.596711158752441,21.797861099243164,50.664306640625,26.93402099609375,20.283187866210938,9.85607624053955
2008-03-31,23.90177726745605,44.90640258789063,60.41999816894531,13.89972972869873,14.365931510925291,12.466625213623049,26.91180992126465,27.31999969482422,36.89588928222656,63.97884368896485,41.56005859375,31.8799991607666,20.71118927001953,10.477105140686035,26.63330078125,14.431540489196776,9.466113090515137,22.69502830505371,54.1113510131836,30.54922866821289,22.23288917541504,9.912832260131836
2008-04-30,23.537769317626957,45.86659240722656,56.83000183105469,13.97793674468994,15.019248962402344,13.200359344482422,27.171640396118164,23.3799991607666,43.011192321777344,61.580413818359375,38.98740768432617,32.650001525878906,21.72030067443848,10.506139755249023,27.932308197021484,14.788409233093262,8.916025161743164,21.687435150146484,53.83407974243164,32.40121078491211,23.52297019958496,10.183984756469728
2008-05-31,25.13492202758789,46.60414505004883,55.58000183105469,13.369636535644531,13.180008888244627,13.296063423156738,27.334033966064453,31.51000022888184,45.4045295715332,59.73439407348633,38.679874420166016,35.369998931884766,22.395751953125,11.255334854125977,28.464059829711918,15.840540885925291,8.817687034606934,22.056655883789062,56.19871520996094,33.66291809082031,25.7209415435791,10.124939918518066
2008-06-30,24.735633850097656,46.43810272216797,57.459999084472656,15.246684074401855,12.22138500213623,13.151690483093262,29.08788108825684,34.779998779296875,47.91106414794922,61.80521774291992,38.27523040771485,32.099998474121094,21.80144500732422,10.651333808898926,28.34479713439941,15.90676212310791,8.522672653198242,23.05770492553711,55.09413146972656,33.23755645751953,25.43106842041016,11.210210800170898
2008-07-31,27.12303733825684,44.2567138671875,60.11000061035156,16.219966888427734,11.971966743469238,12.300466537475586,32.394187927246094,27.56999969482422,44.18769073486328,61.03742218017578,36.7970085144043,29.65999984741211,21.00004005432129,11.443147659301758,27.74822807312012,16.708568572998047,8.46230411529541,23.221057891845703,62.1585693359375,31.344587326049805,26.35942268371582,12.46936321258545
2008-08-31,25.38394927978516,42.41339874267578,65.51000213623047,16.206932067871094,11.123955726623535,10.898448944091797,33.19967269897461,24.26000022888184,42.32932662963867,59.231075286865234,34.87137222290039,33.06999969482422,19.553464889526367,10.932865142822266,27.91057014465332,17.171688079833984,8.455672264099121,23.557212829589844,61.22405624389648,29.677326202392575,25.5399227142334,12.482266426086426
2008-09-30,26.067684173583984,37.59145736694336,64.87999725341797,13.956212043762209,11.209115028381348,9.61573886871338,23.94975471496582,28.51000022888184,37.547813415527344,46.064571380615234,29.150524139404297,28.11000061035156,15.24867343902588,10.482760429382324,25.912694931030277,17.620067596435547,9.380047798156738,24.663484573364254,59.37721633911133,27.39446258544922,19.404354095458984,13.04301929473877
2008-10-31,26.46649932861328,33.78976821899414,66.62999725341797,12.587531089782717,11.087510108947754,8.247024536132812,20.299156188964844,21.440000534057617,28.79652404785156,36.67383575439453,26.748462677001957,23.850000381469727,13.82480525970459,8.901458740234375,25.51678466796875,17.720409393310547,8.703343391418457,23.81305503845215,62.0912971496582,21.96808242797852,17.46489715576172,12.78880500793457
2008-11-30,26.70815658569336,37.37601089477539,76.05000305175781,15.881054878234863,13.30750560760498,10.282727241516112,24.07967185974121,25.56999969482422,36.33817672729492,37.33515548706055,30.94654655456543,30.059999465942383,14.73542308807373,10.47195529937744,27.79132652282715,19.60448837280273,8.81171703338623,24.08093643188477,62.93804168701172,25.575443267822266,21.433204650878903,13.584033012390137
2008-12-31,27.69246864318848,40.14878463745117,77.23999786376953,16.8630313873291,13.38650608062744,10.690131187438965,24.358983993530277,29.270000457763672,42.152774810791016,36.38966751098633,28.77486991882324,28.76000022888184,14.700711250305176,9.452932357788086,30.6848201751709,21.315866470336918,9.489542007446287,23.868885040283203,64.67229461669922,22.7868709564209,20.036020278930664,13.10234260559082
2009-01-31,27.81764030456543,41.13271713256836,81.51000213623047,18.518484115600582,14.15882968902588,12.905014038085938,27.58736038208008,27.65999984741211,43.1949462890625,40.29121780395508,31.70425796508789,30.43000030517578,16.627988815307617,11.06678867340088,34.72970962524414,21.45121383666992,9.42869758605957,23.975385665893555,62.3750114440918,27.641860961914062,23.077184677124023,12.160813331604004
2009-02-28,26.756053924560547,43.79952239990234,86.5,18.90519523620605,14.324557304382324,12.84213161468506,28.33437728881836,28.440000534057617,46.33669662475586,56.423614501953125,34.19932174682617,30.690000534057617,16.48516273498535,11.163810729980469,37.2176513671875,21.16099739074707,9.606985092163086,24.8026180267334,65.43423461914062,29.079532623291016,24.496315002441406,12.97201442718506
2009-03-31,27.37147521972656,45.133522033691406,105.5,19.32232093811035,14.58135986328125,12.771955490112305,27.460752487182617,21.549999237060547,44.76242065429688,47.7999153137207,36.8624153137207,30.8700008392334,16.10725975036621,11.887479782104492,40.76876831054688,20.804590225219727,12.961114883422852,27.294565200805664,67.04612731933594,32.05961227416992,26.23937225341797,13.45122528076172
2009-04-30,26.942142486572266,41.179344177246094,95.79000091552734,18.926916122436523,11.811193466186523,12.980842590332031,26.471176147460938,16.899999618530273,40.478172302246094,46.58419036865234,33.46760177612305,28.209999084472656,13.24890422821045,10.99331760406494,39.06931686401367,20.223041534423828,10.927728652954102,26.72593879699707,65.90252685546875,24.727235794067383,23.465744018554688,13.60094928741455
2009-05-31,27.469945907592773,43.6944465637207,85.73999786376953,18.42289161682129,11.590347290039062,12.451736450195312,24.994482040405277,16.309999465942383,40.02705764770508,50.86017990112305,35.444671630859375,27.82999992370605,13.714524269104004,12.056856155395508,41.31813430786133,19.546314239501957,10.832056045532228,29.09408187866211,73.37077331542969,27.07701301574707,23.93196678161621,14.158974647521973
2009-06-30,27.917133331298828,44.19072341918945,84.94999694824219,19.457008361816406,13.864816665649414,12.722554206848145,24.25685310363769,22.989999771118164,44.22947692871094,57.1939582824707,36.256622314453125,30.59000015258789,12.20143699645996,12.570306777954102,45.1679916381836,19.324848175048828,10.832056045532228,26.93362617492676,74.87494659423828,27.934446334838867,25.294004440307617,13.843761444091797
2009-07-31,28.68425941467285,46.91714477539063,85.8499984741211,21.88587760925293,12.554664611816406,14.645480155944824,23.554174423217773,30.90999984741211,47.64871597290039,74.03534698486328,37.559417724609375,33.75,13.868766784667969,12.18967628479004,48.85306167602539,20.794946670532227,10.770344734191896,26.95719337463379,75.30335998535156,31.580690383911133,25.580808639526367,14.712821006774902
2009-08-31,29.33553504943848,46.76529312133789,94.08000183105467,21.794633865356445,13.945504188537598,15.585122108459473,25.059438705444336,23.26000022888184,48.11091232299805,77.58850860595703,37.7322883605957,36.2599983215332,14.493209838867188,12.027310371398926,52.02327728271485,21.262130737304688,11.123467445373535,27.6823673248291,79.73258209228516,31.12606811523437,25.319704055786133,13.53329086303711
2009-09-30,28.92759132385254,48.07624435424805,89.41999816894531,22.34210777282715,14.491230964660645,15.913833618164062,26.859453201293945,24.600000381469727,49.40756607055664,77.51994323730469,39.66394805908203,37.540000915527344,15.087763786315918,12.196605682373049,49.44887161254883,21.3347225189209,10.770344734191896,26.46323585510254,81.10936737060547,33.31580352783203,27.43987846374512,13.20405101776123
2009-10-31,30.25542449951172,52.7199592590332,92.6500015258789,24.2973690032959,15.16969871520996,16.77848243713379,29.378759384155277,21.700000762939453,51.19124221801758,87.90420532226562,40.70774459838867,39.41999816894531,16.13037872314453,13.11197566986084,53.502323150634766,22.77001190185547,11.335726737976074,27.18595695495605,84.07508850097656,35.894412994384766,30.004148483276367,14.020302772521973
2009-11-30,33.364646911621094,52.55755233764648,101.79000091552734,23.45008850097656,15.383563041687012,16.788700103759766,27.21373176574707,19.01000022888184,51.49024963378906,86.44542694091797,42.05992126464844,38.40999984741211,19.25357818603516,13.74327278137207,54.76553726196289,22.853769302368164,12.135221481323242,28.26638412475586,83.4345474243164,37.32102584838867,29.282241821289062,14.84535026550293
2009-12-31,36.62082290649414,53.796531677246094,107.31999969482422,25.092504501342773,15.552528381347656,18.946632385253903,27.265220642089844,15.239999771118164,49.69943618774414,87.46333312988281,42.87373352050781,46.040000915527344,19.175559997558597,15.154244422912598,58.96553802490234,23.81844139099121,12.135221481323242,31.12545394897461,89.31593322753906,37.62347030639648,31.77121353149414,17.09674835205078
2010-01-31,34.19492721557617,56.32683563232422,108.8499984741211,28.06450462341309,17.931501388549805,19.556589126586918,29.9035758972168,14.1899995803833,52.95640563964844,98.25618743896484,46.23715972900391,46.77000045776367,20.82263946533203,14.11549472808838,63.23421859741211,25.001632690429688,12.618322372436523,29.40483665466309,90.55641174316406,41.90706634521485,30.521562576293945,16.196882247924805
2010-02-28,38.06340408325195,56.11222839355469,125.3000030517578,28.46859359741211,19.158143997192383,19.542123794555664,29.51206588745117,13.40999984741211,59.75716781616211,103.00904083251952,46.79821014404297,49.040000915527344,23.73967933654785,14.512617111206056,63.84653472900391,27.485822677612305,12.745912551879885,29.674718856811523,96.99108123779295,43.09418487548828,29.260971069335938,17.342817306518555
2010-03-31,35.07688522338867,53.92817306518555,127.58999633789062,29.97413825988769,17.541048049926758,20.00838279724121,33.89192581176758,12.050000190734863,69.52842712402344,113.17179870605467,43.71813583374024,48.470001220703125,23.80453109741211,12.987343788146973,61.59997177124024,29.236061096191406,12.920614242553713,28.24982452392578,95.37999725341795,39.970191955566406,28.91278076171875,16.89441680908203
2010-04-30,37.20144271850586,58.03670120239258,123.80999755859376,30.567237854003903,17.013160705566406,21.558115005493164,33.567874908447266,12.210000038146973,73.35044860839844,112.8395004272461,45.35817337036133,46.9900016784668,26.4222469329834,13.969365119934082,63.25673294067383,31.59715843200684,12.62340259552002,29.51017951965332,97.72369384765624,40.14780807495117,30.703510284423828,17.33845329284668
2010-05-31,36.82515335083008,63.11007308959961,128.7100067138672,34.55596923828125,16.915115356445312,23.698177337646484,37.90716171264648,10.850000381469728,69.00865173339844,121.75760650634766,50.02145004272461,47.02000045776367,29.93232536315918,12.989457130432127,67.19923400878906,33.658233642578125,13.60122013092041,31.02364158630371,98.8185806274414,45.5538215637207,28.618675231933597,16.47457504272461
2010-06-30,35.70280075073242,59.0946044921875,130.97999572753906,35.35110092163086,16.649160385131836,22.594066619873047,38.543487548828125,10.149999618530272,68.01546478271484,103.46990966796876,48.67171478271485,45.11000061035156,27.418190002441406,13.75238037109375,62.718746185302734,28.79856300354004,12.77904224395752,28.402667999267575,93.28898620605467,43.40549850463867,30.02056312561035,16.63093376159668
2010-07-31,37.19722366333008,61.15129852294922,150.85000610351562,34.69934844970703,16.565570831298828,23.59087371826172,37.73481750488281,11.0,77.96834564208984,112.7652587890625,49.98913192749024,48.43000030517578,29.92353630065918,14.640265464782717,66.94625854492188,29.935850143432617,12.816169738769531,28.68805313110352,97.23753356933594,44.55022430419922,31.902647018432617,16.98014259338379
2010-08-31,38.5280876159668,62.37213516235352,148.38999938964844,36.98048782348633,17.03670310974121,21.96720314025879,37.06537628173828,9.289999961853027,80.74677276611328,116.53117370605467,53.252685546875,46.79999923706055,29.00384330749512,14.390342712402344,64.95096588134766,30.706281661987305,13.365647315979004,29.2635440826416,92.97506713867188,47.60020446777344,31.881261825561523,17.00885772705078
2010-09-30,39.7344970703125,62.20549011230469,148.7899932861328,39.51580429077149,17.711122512817383,22.12149810791016,35.90596389770508,8.65999984741211,80.7791519165039,119.58747863769533,48.93951797485352,43.77999877929688,30.27446746826172,15.230974197387695,65.26285552978516,29.887264251708984,13.381706237792969,30.87583541870117,96.30512237548828,44.168251037597656,31.725082397460938,17.777099609375
2010-10-31,39.37476348876953,64.27073669433594,150.60000610351562,41.50366973876953,19.044628143310547,22.900522232055664,38.25238037109375,9.18000030517578,96.32501220703124,109.08707427978516,52.440086364746094,52.0099983215332,30.27044105529785,15.270844459533691,66.84166717529297,31.90281105041504,13.269254684448242,32.305389404296875,96.16580200195312,45.462215423583984,32.337196350097656,18.52337074279785
2010-11-30,37.87433624267578,59.13119125366211,150.0,41.37329864501953,19.48345184326172,24.0015869140625,37.35333633422852,7.800000190734863,90.30647277832033,111.76685333251952,54.62882995605469,48.810001373291016,28.45439338684082,15.01918125152588,66.75084686279297,29.784332275390625,14.37209129333496,29.96409034729004,98.45076751708984,45.81975173950195,32.11683654785156,17.63854217529297
2010-12-31,38.10089874267578,60.0240592956543,150.36000061035156,46.03985977172852,19.58526039123535,25.55814552307129,38.03428649902344,4.960000038146973,81.70819854736328,114.69244384765624,55.82497787475586,46.45000076293945,31.00989151000977,14.703765869140623,76.12442779541016,30.287187576293945,13.956053733825684,32.77120590209961,104.9672622680664,47.86166763305664,29.92256736755371,17.922218322753906
2011-01-31,39.564544677734375,62.84918212890625,175.8800048828125,47.49326705932617,19.040573120117188,24.75597381591797,36.8995246887207,3.700000047683716,78.58977508544922,135.48121643066406,54.40535736083984,55.90999984741211,32.227882385253906,16.917638778686523,80.92057800292969,34.69488525390625,15.031301498413086,32.17201232910156,111.70987701416016,48.37609100341797,33.057708740234375,17.980810165405273
2011-02-28,40.60773086547852,66.08081817626953,192.6199951171875,50.60213088989258,21.64727020263672,28.425270080566406,38.20391845703125,5.110000133514404,76.12583923339844,153.20948791503906,55.57904815673828,66.58000183105469,37.84673690795898,17.205907821655273,87.51847839355469,36.882625579833984,14.87869930267334,32.65738677978516,119.0372543334961,50.05581665039063,34.42192459106445,17.32347297668457
2011-03-31,43.4328727722168,62.72433471679688,216.2400054931641,50.38054275512695,21.733997344970703,29.29633140563965,38.96380233764648,4.710000038146973,75.961669921875,160.35006713867188,57.70580673217773,69.01000213623047,40.75176239013672,18.376239776611328,95.20946502685548,39.2743034362793,15.553850173950195,31.625886917114254,131.7555389404297,48.76778793334961,35.14393615722656,15.256793022155762
2011-04-30,42.80180740356445,64.44886779785156,217.8300018310547,46.35921859741211,22.760303497314453,28.591476440429688,38.79501724243164,5.21999979019165,82.12200164794922,139.35211181640625,60.60562133789063,68.11000061035156,40.78753662109375,16.642887115478516,89.65328979492188,37.21355056762695,16.688499450683594,31.63368797302246,124.74717712402344,51.263710021972656,32.433109283447266,15.67540168762207
2011-05-31,43.09570693969727,62.11948394775391,225.97999572753903,44.71680450439453,21.67873191833496,30.97492408752441,36.26924133300781,5.710000038146973,72.66075134277344,137.9945526123047,63.65597152709961,66.20999908447266,46.08018493652344,15.565591812133787,93.62580108642578,38.66084671020508,17.395179748535156,30.84881019592285,117.7794418334961,54.91036605834961,30.20526695251465,14.403470993041992
2011-06-30,45.36637878417969,61.63996505737305,240.30999755859372,47.675758361816406,22.609527587890625,32.60993576049805,38.497291564941406,3.5299999713897705,64.18914794921875,141.7264862060547,63.68097305297852,64.51000213623047,47.68553161621094,17.24778938293457,98.59648895263672,41.54969787597656,16.837228775024414,32.303565979003906,126.7093276977539,55.89731216430664,33.06296157836914,14.638103485107422
2011-07-31,44.236305236816406,57.44432067871094,240.07000732421875,43.335086822509766,20.58882522583008,31.89130973815918,34.13520050048828,3.359999895095825,65.12052154541016,134.77598571777344,58.14457702636719,61.0,46.142948150634766,16.08909797668457,98.11626434326172,39.34443664550781,16.563129425048828,30.91958236694336,122.46682739257812,52.2839241027832,30.93801689147949,14.276023864746094
2011-08-31,43.74531936645508,55.95256042480469,250.0,39.75696563720703,20.88318252563477,30.059431076049805,32.367488861083984,2.819999933242798,60.538536071777344,118.06726837158205,57.04792404174805,59.31999969482422,42.15262222290039,17.052350997924805,97.79450225830078,40.41658401489258,16.44566535949707,31.821996688842773,126.4193115234375,49.73090362548828,32.01002883911133,13.831337928771973
2011-09-30,45.37409591674805,61.30630111694336,263.8699951171875,41.52320861816406,21.85356330871582,33.950801849365234,39.429298400878906,2.559999942779541,69.51509857177734,131.0521240234375,62.72257995605469,57.29999923706055,40.78590393066406,18.391719818115234,113.36675262451172,47.480098724365234,18.759456634521484,34.064178466796875,141.51864624023438,54.78076934814453,35.17810821533203,13.182442665100098
2011-10-31,45.29554748535156,57.9804916381836,253.4199981689453,38.49906921386719,21.78138542175293,33.50988006591797,39.52765274047852,2.4800000190734863,58.98325729370117,118.43233489990234,60.62814712524414,53.970001220703125,40.21736145019531,18.830591201782227,112.48218536376952,48.301414489746094,17.930089950561523,34.33592224121094,141.5887451171875,54.246768951416016,35.65767288208008,14.279033660888672
2011-11-30,46.59171676635742,56.05024337768555,260.32000732421875,42.07719421386719,21.15906524658203,29.04164123535156,35.31112289428711,3.859999895095825,54.08673858642578,126.00153350830078,49.938961029052734,46.2599983215332,41.236328125,19.036975860595703,105.5674057006836,49.246070861816406,17.456165313720703,34.4717903137207,131.8894805908203,46.56339645385742,31.952335357666016,14.69383144378662
2011-12-31,50.154388427734375,60.024513244628906,273.6600036621094,45.37506866455078,23.009870529174805,33.83988571166992,37.67464065551758,5.619999885559082,60.636627197265625,146.29867553710938,55.125919342041016,51.09999847412109,43.41401672363281,20.481645584106445,114.10987854003906,52.45488739013672,18.60148811340332,37.36649703979492,138.52659606933594,48.9784049987793,37.07213592529297,16.499996185302734
2012-01-31,50.06216049194336,62.96607971191406,264.42999267578125,41.94032287597656,23.6933536529541,36.58283615112305,43.510498046875,7.53000020980835,68.11949157714844,142.49789428710938,62.67959976196289,53.65999984741211,41.99431991577149,20.233932495117188,113.57461547851562,52.02526092529297,19.50310707092285,35.924686431884766,131.1686553955078,54.38177108764648,39.88317108154297,17.980606079101562
2012-02-29,56.87215423583984,60.06951522827149,271.1000061035156,39.307247161865234,23.39974021911621,37.25788879394531,42.1706657409668,10.65999984741211,69.84425354003906,135.98583984375,56.321556091308594,49.02999877929688,41.7130241394043,22.53160858154297,109.76646423339844,54.12641525268555,18.32495880126953,36.79269409179688,138.46018981933594,51.77389526367188,41.50338363647461,19.15377426147461
2012-03-31,56.84950637817383,57.24590301513672,279.95001220703125,46.35921859741211,25.87626075744629,40.861610412597656,44.66134643554688,12.739999771118164,74.23564147949219,146.5653839111328,60.32577896118164,58.95000076293945,42.91138458251953,21.75341033935547,115.88513946533205,56.0168342590332,21.06641960144043,35.250526428222656,143.29689025878906,56.67756271362305,44.94789123535156,18.138877868652344
2012-04-30,51.27853775024414,55.17769241333008,280.1099853515625,44.71680450439453,26.10671615600586,40.53829574584961,44.87711715698242,11.829999923706056,81.13151550292969,133.04432678222656,58.10383605957031,53.34999847412109,41.718631744384766,20.957109451293945,111.18475341796876,53.94913864135742,20.14351272583008,34.630226135253906,134.82760620117188,55.91346740722656,45.68437957763672,18.752384185791016
2012-05-31,50.13501739501953,53.11165237426758,264.44000244140625,48.672943115234375,25.459436416625977,36.96636199951172,41.52253341674805,11.18000030517578,75.98729705810547,122.91997528076172,61.889678955078125,49.93999862670898,41.54564666748047,19.43435287475586,105.42162322998048,43.98954391479492,21.267051696777344,34.695682525634766,130.72555541992188,58.5781364440918,44.5068588256836,18.405271530151367
2012-06-30,49.29378509521485,61.45054626464844,274.5,56.89806365966797,24.74577140808105,36.3312873840332,41.91328048706055,9.649999618530272,86.15592956542969,134.08535766601562,70.53523254394531,57.790000915527344,41.66018295288086,18.65288734436035,112.40054321289062,49.05657958984375,21.040462493896484,33.29731750488281,133.11431884765625,67.80550384521484,43.43173599243164,19.4802303314209
