Date,ATVI,FE,MOS,CPB,NEOG,ROP,MRO,MCK,ED,JNPR,WDC,OKE,JNJ,BRK-A,BSX,CMI,WBA,FDX,USB,MMM,COO,DIS,FISV,NWL,KR
2001-12-31,2.8824715614318848,13.994881629943848,10.256365776062012,16.468088150024414,1.6092909574508667,21.720685958862305,5.622382164001465,31.684568405151367,15.676346778869627,15.489990234375,5.033544540405273,2.9096896648406982,33.78132247924805,75600.0,12.0600004196167,6.085842609405518,22.298784255981445,44.30837631225586,10.909929275512695,33.92790222167969,24.547927856445312,16.313493728637695,10.579999923706056,14.20969295501709,7.855438232421875
2002-01-31,2.91239333152771,14.883058547973633,10.690290451049805,15.768616676330566,1.2456450462341309,21.972829818725582,5.256927013397217,32.616477966308594,15.92104434967041,12.522777557373049,5.017486572265625,2.8388092517852783,32.872467041015625,73900.0,11.234999656677246,5.9516191482543945,24.034448623657227,45.73466491699219,10.852591514587402,31.85854148864746,23.01060676574707,16.58118438720703,10.609999656677246,14.230306625366213,7.753809928894043
2002-02-28,3.165066957473755,14.787795066833496,10.49305248260498,14.82082462310791,1.33010995388031,20.548704147338867,5.197176456451416,29.9157772064209,16.0623722076416,7.618294715881348,4.664254188537598,3.0017306804656982,34.91838836669922,73000.0,11.18000030517578,6.612464427947998,26.68321990966797,49.41565704345703,10.868236541748049,34.03265380859375,23.22672271728516,18.10859489440918,10.6850004196167,16.16404914855957,8.337224006652832
2002-03-31,3.488666534423828,13.45447063446045,9.954026222229004,15.393041610717772,1.314995050430298,20.251075744628903,5.491996765136719,34.27793502807617,17.160755157470703,8.26405143737793,4.969319343566895,3.6236050128936768,36.61555862426758,73450.0,12.460000038146973,6.766724586486816,25.045360565185547,44.12903594970703,12.461200714111328,36.30379486083984,26.03121566772461,18.25031852722168,11.114999771118164,16.30424690246582,8.570594787597656
2002-04-30,3.615002632141113,14.1033296585083,11.07582950592041,15.749852180480955,1.3621180057525637,17.17312240600586,5.223715782165527,31.825275421142575,17.45109748840332,7.577425003051758,3.692868709564209,3.4429233074188232,35.29588317871094,74600.0,13.925000190734863,5.898465156555176,25.39442443847656,46.0762939453125,12.434906005859377,36.37462615966797,24.56266593933105,18.037744522094727,10.635000228881836,17.838991165161133,8.412506103515625
2002-05-31,3.1827986240386963,12.56672191619873,8.583765983581543,13.065625190734863,1.1247260570526123,13.132874488830566,4.617902755737305,27.983732223510746,17.084293365478516,6.539310455322266,3.5644235610961914,3.0943448543548584,30.2618350982666,68300.0,14.994999885559082,5.175780773162842,23.44968605041504,43.55308151245117,11.344371795654297,36.49062347412109,21.582202911376957,13.959369659423828,8.602499961853027,15.712936401367188,7.332240581512451
2002-06-30,2.6519625186920166,12.333670616149902,9.547107696533203,12.381505966186523,1.1869629621505735,15.22972583770752,4.360192775726318,24.124616622924805,16.244850158691406,3.923585176467896,3.7731504440307617,3.161250114440918,31.227693557739254,73900.0,15.779999732971191,3.821398496627808,20.436243057250977,42.84595489501953,9.960200309753418,32.045379638671875,25.81015014648437,11.920185089111328,7.019999980926514,16.22062110900879,5.307219505310059
2002-07-31,2.271844387054444,13.421445846557615,8.715201377868652,11.905019760131836,1.142508029937744,17.084077835083008,4.017990589141846,25.38492774963379,17.194011688232422,4.757347106933594,4.969319343566895,3.1940393447875977,33.92431640625,74190.0,18.815000534057617,3.8764078617095943,22.4227294921875,45.51579284667969,11.30573558807373,36.990455627441406,26.05595970153809,13.148417472839355,7.809999942779541,17.035070419311523,5.570697784423828
2002-08-31,1.6168879270553589,13.79311752319336,8.468313217163086,13.344354629516602,1.32922101020813,16.198890686035156,4.14312219619751,23.070920944213867,17.523836135864258,5.558412551879883,5.129878520965576,3.237884759902954,31.11955070495605,72750.0,21.26000022888184,4.596872329711914,19.416343688964844,46.44121551513672,11.47934913635254,36.104618072509766,24.625389099121094,13.001590728759766,8.487500190734863,16.045686721801758,5.815357685089111
2002-09-30,1.6124553680419922,13.05263328552246,7.754021644592285,13.628639221191406,1.336333990097046,15.4409761428833,4.067225456237793,24.2658634185791,16.337020874023438,7.16871976852417,6.3822431564331055,2.92090916633606,31.061622619628903,67600.0,20.225000381469727,4.036360263824463,19.289962768554688,45.05363082885742,11.41442584991455,36.47063827514648,25.20608711242676,13.95020580291748,7.792500019073486,14.733672142028809,5.679854393005371
2002-10-31,1.651242971420288,12.492502212524414,6.992110729217529,11.792157173156738,1.1113890409469604,12.797245979309082,4.541816711425781,22.78877258300781,16.1917724609375,7.348547458648682,6.52674674987793,2.934534311294556,30.514623641967773,61700.0,22.084999084472656,3.9290924072265625,18.743446350097656,44.02577209472656,11.317055702209473,36.90312576293945,28.59182357788086,13.599457740783691,7.974999904632568,15.025545120239258,4.975988388061523
2002-11-30,1.6013731956481934,13.339457511901855,7.653659820556641,11.939980506896973,1.2314189672470093,12.797245979309082,4.714911460876465,21.325977325439453,15.971720695495604,6.678269863128662,7.273351192474365,3.1235859394073486,33.66791534423828,63800.0,20.3799991607666,4.032361030578613,19.635984420776367,47.21515274047852,10.366915702819824,38.27480316162109,29.42841911315918,13.567571640014648,7.869999885559082,15.10547161102295,4.949640274047852
2002-12-31,1.6955715417861938,14.283798217773438,7.208128929138184,12.617392539978027,1.4421379566192627,13.609725952148438,4.4788737297058105,23.73832130432129,16.13779640197754,8.370314598083496,7.490106105804443,3.2600209712982178,32.789405822753906,69815.0,21.524999618530277,4.443792819976807,20.55517196655273,51.339088439941406,12.09837532043457,37.10034942626953,27.45996856689453,14.874906539916992,7.355000019073486,16.240375518798828,5.382498741149902
2003-01-31,2.139412403106689,16.465940475463867,5.353403091430664,14.032052993774414,1.510599970817566,16.550569534301758,5.231818675994873,30.631032943725582,18.227190017700195,10.193151473999023,8.268817901611328,3.373442411422729,30.20906639099121,72500.0,30.549999237060547,5.941234588623047,20.072832107543945,53.22479248046875,13.49417781829834,38.167625427246094,34.252498626708984,15.743800163269045,8.914999961853027,15.030756950378418,6.278329372406006
2003-02-28,1.9565565586090088,14.770097732543944,5.83209753036499,13.92108154296875,1.6448559761047363,17.79165267944336,5.110701084136963,27.648487091064453,16.72369956970215,11.795281410217283,7.9958696365356445,3.6138551235198975,30.261653900146484,72010.0,31.614999771118164,7.669466018676758,19.95279884338379,55.249794006347656,13.50519847869873,41.487831115722656,34.528324127197266,17.4736328125,9.767499923706056,12.684885025024414,6.379952430725098
2003-03-31,1.989802956581116,13.81217098236084,5.127166748046875,15.275716781616213,1.6830869913101196,19.41920661926269,5.710864543914795,28.58257293701172,17.405506134033203,12.26120662689209,10.348065376281738,3.494314432144165,29.072065353393555,75000.0,31.899999618530277,7.400789737701416,20.461990356445312,55.32560729980469,13.325322151184082,41.065879821777344,40.14347457885742,16.078609466552734,9.072500228881836,11.741592407226562,6.72623872756958
2003-04-30,2.508448362350464,14.890299797058104,5.591092109680176,15.029590606689451,1.7826679944992063,22.077367782592773,5.925274848937988,25.9896183013916,17.281660079956055,14.713445663452148,10.797630310058594,3.476621150970459,29.547595977783203,77810.0,33.86000061035156,7.895503044128418,23.253467559814453,65.05460357666016,15.119437217712402,46.89252471923828,42.80329132080078,18.04758071899414,8.829999923706055,12.353866577148438,6.583211421966553
2003-05-31,3.0270941257476807,15.408255577087402,7.94271183013916,15.63167667388916,2.2023279666900635,22.00588607788086,6.686636924743652,27.670116424560547,18.61870765686035,15.26928424835205,9.46498680114746,3.8594157695770255,30.47369956970215,84250.0,36.7599983215332,8.207084655761719,24.32411766052246,58.01029586791992,16.677305221557617,50.77198028564453,46.45898818969727,18.774415969848636,9.885000228881836,12.452558517456056,6.967138290405273
2003-06-30,3.9446966648101807,17.27817153930664,11.43814468383789,15.905810356140137,2.051624059677124,21.59556007385254,6.855184078216553,25.94524383544922,19.34218406677246,21.269102096557617,9.015423774719238,3.974228382110596,30.051177978515625,93300.0,42.380001068115234,9.858623504638672,22.058300018310547,64.64959716796875,15.841590881347656,49.10522079467773,53.23118209838867,20.11027336120605,8.942500114440918,12.790830612182615,6.263271808624268
2003-07-31,3.7576868534088135,17.287006378173828,10.054365158081056,16.209396362304688,1.877135992050171,21.7744197845459,6.83278751373291,28.33370018005371,18.07464027404785,17.885013580322266,6.486607551574707,3.7277467250823975,32.012306213378906,93390.0,41.18999862670898,10.0880126953125,23.08255386352539,61.85406875610352,14.689996719360352,51.87026977539063,53.23118209838867,18.53300094604492,9.157500267028809,13.033414840698242,6.586972236633301
2003-08-31,3.964645385742188,16.699413299560547,10.718257904052734,15.769397735595703,1.912700057029724,25.51935195922852,7.761959552764893,29.65355682373047,17.688648223876953,20.083852767944336,6.952229499816895,3.912797927856445,33.17390060424805,88950.0,42.79999923706055,10.599306106567385,24.271381378173828,70.33145904541016,15.927589416503906,54.22237777709961,62.30354309082031,20.512643814086918,9.72249984741211,13.074064254760742,6.850454807281494
2003-09-30,3.5881283283233643,18.13481712341309,12.74993133544922,15.321301460266112,2.1505379676818848,24.77762031555176,7.493194103240967,26.78494453430176,19.03253555297852,18.710599899291992,5.988873481750488,4.238647937774658,34.77936172485352,87000.0,35.72999954223633,11.46424674987793,24.46714401245117,70.5897216796875,17.04875946044922,49.84206008911133,57.155155181884766,18.06625747680664,8.694999694824219,12.096781730651855,6.22186803817749
2003-10-31,3.458467960357666,18.513378143310547,13.90973949432373,15.516067504882812,2.17054295539856,25.81544303894043,8.52823257446289,22.198190689086918,18.960376739501957,19.29096794128418,7.056593894958496,4.68122148513794,33.71979904174805,86650.0,39.72999954223633,12.588682174682615,24.050973892211918,73.83665466308594,16.844091415405273,48.39567947387695,67.6097412109375,18.146728515625,8.71500015258789,11.259608268737791,5.841705322265625
2003-11-30,3.9197628498077393,19.20719718933105,13.901738166809082,16.947093963623047,2.405045986175537,27.69738006591797,8.208250045776367,25.62606239318848,20.02793312072754,22.52792358398437,7.843334197998047,5.0703125,36.27888488769531,83700.0,34.810001373291016,13.618678092956545,25.663286209106445,81.88470458984375,17.269569396972656,48.378700256347656,68.57630157470703,21.6312198638916,9.6274995803833,13.088202476501465,6.090127944946289
2003-12-31,5.031857967376709,17.970069885253906,13.053882598876951,17.85589027404785,2.517296075820923,27.34638214111328,7.827393531799316,27.28243064880371,19.982275009155277,22.225475311279297,8.702329635620117,5.161109924316406,38.14336013793945,87900.0,35.54999923706055,14.331939697265623,25.79099464416504,84.92607879638672,18.42992401123047,49.88619613647461,69.64986419677734,22.57147026062012,10.047499656677246,13.717659950256348,6.602031707763672
2004-01-31,5.635282516479492,18.083778381347656,13.197853088378906,17.515380859375,2.147202968597412,26.172948837280277,8.0604829788208,29.91008949279785,20.03706932067871,20.54160499572754,8.646134376525879,5.076140880584717,38.913204193115234,89900.0,33.060001373291016,13.28513526916504,28.64097595214844,82.47721862792969,17.68260383605957,51.278167724609375,75.67847442626953,23.245365142822266,9.5625,12.203557014465332,6.43641471862793
2004-02-29,5.450764179229736,18.95084571838379,13.165863037109377,16.547618865966797,1.943819046020508,29.12112045288086,9.917440414428713,32.4337043762207,19.77829933166504,17.607091903686523,9.039504051208496,5.369347095489502,39.62527847290039,90200.0,32.65999984741211,12.60735034942627,28.824922561645508,84.31387329101562,17.50608253479004,51.27907943725586,81.25325012207031,22.685138702392575,9.484999656677246,12.757097244262695,6.771408081054688
2004-03-31,4.920482635498047,19.2770938873291,13.645781517028809,17.336164474487305,1.6437439918518066,29.52684593200684,9.829453468322754,32.78984832763672,19.51460075378418,18.032146453857425,10.235672950744627,5.647891044616699,40.56758499145508,87000.0,29.290000915527344,12.081827163696287,29.89499282836914,81.0677261352539,17.139558792114258,52.34814453125,71.9291000366211,23.326557159423828,9.949999809265137,12.55677890777588,6.033668518066406
2004-04-30,5.252946853637695,20.55116271972656,10.462298393249512,18.6472110748291,1.6092909574508667,31.56181907653809,10.22148323059082,34.97874069213867,21.322986602783203,20.966665267944336,12.049997329711914,5.7080488204956055,40.730018615722656,84100.0,27.09000015258789,11.72397232055664,30.549734115600582,77.1588363647461,17.442859649658203,47.08238220214844,65.17033386230469,22.279172897338867,10.7475004196167,13.164400100708008,6.312201976776123
2004-05-31,5.492321491241455,22.318660736083984,12.445981979370115,18.4909610748291,1.589285969734192,32.2255744934082,11.250168800354004,38.96204376220703,21.946138381958008,20.58247375488281,10.773550987243652,6.04109525680542,39.45530700683594,83500.0,27.0,12.873085975646973,30.987703323364254,69.96424102783203,17.54518699645996,44.41037368774414,60.07872772216797,20.444231033325195,10.72249984741211,13.770920753479004,7.162866115570068
2004-06-30,7.430593967437744,23.87185287475586,12.917901992797852,17.766376495361328,1.7948930263519287,34.83531951904297,13.627193450927734,40.65103149414063,22.24588966369629,18.58798599243164,11.11875057220459,6.341829776763916,38.67669296264648,83150.0,26.8799991607666,14.971480369567873,31.259662628173828,70.3355941772461,17.557209014892578,43.96165466308594,67.68975067138672,20.45235061645508,11.225000381469728,13.65212345123291,7.430107116699219
2004-07-31,6.798909187316895,24.381750106811523,12.813921928405762,17.977888107299805,2.000499963760376,35.53168869018555,14.606163024902344,41.33042144775391,23.02361297607422,19.454442977905277,10.380176544189451,6.345564365386963,38.60958099365234,82000.0,23.3700008392334,15.234651565551758,29.316482543945312,75.32402038574219,17.049583435058594,45.32715225219727,75.62657165527344,19.591711044311523,11.467499732971191,13.1976318359375,7.750047206878662
2004-08-31,6.990632057189941,22.22051048278809,10.5582857131958,17.692459106445312,2.046066999435425,34.14334487915039,12.747808456420898,39.57093811035156,21.577228546142575,19.070262908935547,9.71385383605957,5.4139018058776855,38.206878662109375,85900.0,25.1200008392334,14.781024932861328,30.65242576599121,79.47361755371094,17.960350036621094,46.94596862792969,67.95626068115234,19.786569595336918,10.920000076293944,13.395743370056152,7.490328311920166
2004-09-30,5.900145530700684,22.172626495361328,10.830241203308104,18.367328643798828,2.2327799797058105,35.682945251464844,12.63630199432373,43.86587905883789,21.86775779724121,18.38363265991211,11.977746963500977,5.167132377624512,37.87338638305664,89390.0,26.479999542236328,15.462796211242676,30.864416122436523,84.39262390136719,18.385374069213867,48.74907684326172,54.09651947021485,20.24124526977539,11.3774995803833,13.56643772125244,7.324715614318848
2004-10-31,6.356730937957764,23.65520477294922,12.365994453430176,18.306055068969727,2.5339670181274414,36.5957145690918,16.38306999206543,46.22052383422852,22.573633193969727,14.819707870483398,17.549161911010742,5.376701354980469,35.29123306274414,89490.0,21.8700008392334,16.904834747314453,29.242820739746094,87.51599884033203,18.356889724731445,45.18978500366211,54.75414657592773,20.768218994140625,10.994999885559082,13.901625633239746,6.925732135772705
2004-11-30,5.541083812713623,24.33978271484375,12.71793270111084,19.04000663757324,2.522852897644043,40.87655258178711,15.120757102966309,47.25887298583984,22.304168701171875,15.032238960266112,17.86225128173828,5.820002555847168,35.558982849121094,86800.0,24.420000076293945,18.86671257019043,30.354387283325195,92.78511810302734,18.97062110900879,46.00064468383789,51.83022689819336,22.96730613708496,10.375,14.75243091583252,7.543029308319092
2004-12-31,6.112923622131348,23.301002502441406,11.47813320159912,19.81677627563477,2.72290301322937,44.10531997680664,16.313705444335938,45.51273727416992,21.15177345275879,15.62895393371582,15.598363876342772,6.135829925537109,36.52737808227539,90350.0,23.049999237060547,18.312618255615234,29.183778762817383,97.7868194580078,18.922260284423828,47.3133659362793,53.3712158203125,22.88525390625,10.637499809265137,14.94224739074707,7.6634697914123535
2005-01-31,5.798189640045166,25.197738647460938,12.445981979370115,21.643695831298828,2.267232894897461,42.534027099609375,16.156301498413086,43.21662521362305,21.72956085205078,13.021398544311523,16.336936950683594,6.449766635894775,37.374732971191406,92290.0,20.68000030517578,19.25426483154297,27.5166072845459,94.60922241210938,19.15180778503418,52.5740852355957,46.77266693115234,25.02689743041992,10.787500381469728,15.82163143157959,7.5937957763671875
2005-02-28,5.044602394104004,26.05817604064941,12.51796531677246,22.8245906829834,2.1249759197235107,42.45230102539063,17.932308197021484,41.32994842529297,21.89707946777344,13.070446014404297,15.903432846069336,6.536172866821289,37.18855285644531,91659.0,16.84000015258789,21.357711791992188,30.3902587890625,101.26543426513672,19.364145278930664,50.7579345703125,43.77790451049805,24.616619110107425,11.34000015258789,15.44492530822754,8.254626274108887
2005-03-31,5.297275543212891,26.91861724853516,12.54996109008789,22.668346405029297,2.1883249282836914,41.09632110595703,19.51242446899414,44.04859161376953,23.094430923461918,10.994214057922363,14.081071853637695,7.205976963043213,38.82081985473633,91600.0,17.010000228881836,20.440507888793945,31.705102920532227,90.73681640625,20.066478729248047,44.24118423461914,43.6889533996582,24.362247467041016,10.914999961853027,15.76183795928955,8.658666610717773
2005-04-30,5.718398094177246,27.64811134338379,12.98988914489746,23.218374252319336,2.109416007995605,42.169189453125,18.05620384216309,44.45893859863281,23.053726196289062,11.983285903930664,14.691198348999023,7.411252975463867,40.36323928833008,96097.0,17.440000534057617,20.120445251464844,33.574161529541016,87.54791259765625,20.110376358032227,45.35075759887695,49.402130126953125,24.329425811767575,11.039999961853027,16.266433715820312,9.016382217407228
2005-05-31,6.835479736328125,28.515439987182617,14.973563194274902,23.23000717163086,2.281682014465332,43.56263732910156,18.683305740356445,43.83758163452149,24.12657356262207,14.0758638381958,14.675145149230955,8.124046325683594,42.07363128662109,105475.0,15.90999984741211,22.251300811767575,29.650598526000977,99.3437728881836,21.432891845703125,49.86685562133789,56.963653564453125,25.81462860107422,12.350000381469728,17.345237731933594,8.516521453857422
2005-06-30,7.5358734130859375,29.218185424804688,17.037229537963867,23.658809661865234,2.2594540119171143,46.71262741088867,20.50074005126953,43.28726196289063,24.35161590576172,17.40273666381836,16.473421096801758,8.438234329223633,41.37593078613281,107100.0,15.850000381469728,21.07775115966797,27.534820556640625,100.11570739746094,21.30622100830078,51.81690216064453,53.34598159790039,27.119304656982425,12.77750015258789,17.297245025634766,8.15046215057373
2005-07-31,7.544739246368408,28.96916961669922,15.933420181274414,24.035615921020508,2.532855033874512,47.33088302612305,19.62319564819336,48.85151290893555,24.38190650939941,14.811535835266112,15.734841346740724,8.440714836120605,41.93461608886719,110050.0,18.450000762939453,23.65094757080078,30.80582046508789,95.82687377929688,22.79613304138184,47.26241302490234,47.17710876464844,29.120241165161133,13.149999618530272,17.93473243713379,9.722826957702637
2005-08-31,7.411752700805664,30.804330825805664,20.348695755004883,25.52223014831543,2.5395240783691406,48.42481231689453,19.79248046875,48.876583099365234,24.82710838317871,15.457298278808594,15.389641761779783,8.194829940795898,39.73520660400391,106190.0,16.309999465942383,23.71955108642578,30.450511932373047,99.15128326416016,22.834548950195312,47.41970443725586,45.40671920776367,28.35849380493164,13.239999771118164,18.708148956298828,9.762520790100098
2005-09-30,8.86573314666748,33.69422149658203,23.59617042541504,24.54952621459961,2.789586067199707,51.16459274291992,22.155271530151367,51.60459899902344,26.196741104125977,18.27737236022949,14.193467140197754,9.591776847839355,40.54972839355469,109200.0,15.4399995803833,32.48133850097656,29.905532836914062,91.59497833251952,22.24565696716309,52.98229217529297,50.53982925415039,28.96292304992676,13.292499542236328,18.744823455810547,11.23603343963623
2005-10-31,8.77264404296875,34.32770919799805,28.099441528320312,24.926252365112305,3.042983055114746,53.26373672485352,27.133041381835938,55.37649154663086,25.2369384765625,19.95307159423828,15.100625991821287,10.71916961669922,40.21139144897461,109490.0,15.670000076293944,33.27865982055664,30.79745483398437,96.96351623535156,22.394609451293945,56.61988830566406,54.53551864624024,29.343793869018555,14.8125,19.54160690307617,11.574535369873049
2005-11-30,7.584636211395264,30.12288475036621,30.043115615844727,23.24518394470215,3.2485899925231934,54.80144882202149,24.19422912597656,50.71491622924805,22.57986640930176,24.489707946777344,17.13973617553711,10.125609397888184,38.45092391967773,110000.0,13.149999618530272,41.92058944702149,30.149152755737305,96.2871322631836,19.630529403686523,57.23782730102539,49.60837173461914,27.69742774963379,12.354999542236328,16.2744197845459,9.91012191772461
2005-12-31,8.639657020568848,30.708044052124023,33.61055374145508,23.825841903686523,3.537550926208496,57.8256950378418,23.725975036621094,50.28369522094727,24.04215431213379,26.909255981445312,18.753360748291016,9.34748649597168,39.534950256347656,118390.0,12.829999923706056,41.91524887084961,30.822141647338867,95.36548614501952,21.20359992980957,58.88985443115234,48.25263977050781,28.20101928710937,11.630000114440918,15.999008178710938,10.17678451538086
2006-01-31,10.483731269836426,34.83643341064453,55.83094024658203,23.481386184692383,4.4377760887146,64.75992584228516,26.03296661376953,58.097434997558594,24.64398956298828,29.426891326904297,20.80852699279785,10.03669261932373,41.69755554199219,132500.0,13.869999885559082,42.4603385925293,27.115550994873047,89.93476104736328,22.002336502075195,55.89326477050781,41.5629768371582,29.06551551818848,13.850000381469728,18.0896110534668,11.252662658691406
2006-02-28,9.81879997253418,34.5162239074707,55.31100463867188,23.316301345825195,4.419437885284424,58.02875518798828,24.714040756225582,58.70366287231445,25.671586990356445,24.293535232543945,22.181304931640625,9.345343589782717,43.61148071289063,140100.0,12.630000114440918,41.46452713012695,25.08467483520508,85.69646453857422,21.955886840820312,54.205352783203125,42.582252502441406,27.82332992553711,12.832500457763672,16.746980667114258,11.038617134094238
2006-03-31,13.165616989135742,36.41926956176758,75.45974731445312,22.826045989990234,4.426106929779053,57.196510314941406,26.906923294067383,57.630409240722656,25.88353157043457,27.138134002685547,24.25252723693848,8.997658729553223,42.94192886352539,141600.0,11.630000114440918,45.17824172973633,26.10615348815918,77.68041229248047,21.338838577270508,54.89545440673828,37.63113784790039,27.38578987121582,13.8725004196167,16.18416404724121,10.255351066589355
2006-04-30,11.46782684326172,35.85540008544922,72.7322006225586,20.162044525146484,4.000999927520752,51.21392822265625,20.81019592285156,55.28156280517578,23.08588218688965,22.192779541015625,21.233999252319336,9.525578498840332,40.64997863769531,136000.0,12.149999618530272,34.299556732177734,24.022056579589844,81.29563903808594,22.58261108398437,51.85512161254883,38.99773406982422,25.31574249267578,12.842499732971191,15.04602336883545,9.771575927734377
2006-05-31,12.066262245178224,34.284481048583984,89.02555084228516,20.62841415405273,4.499457836151123,51.6535530090332,23.614402770996094,51.74342727661133,21.96210289001465,21.92303466796875,24.782371520996094,9.43842887878418,40.15488052368164,140000.0,12.59000015258789,35.82537078857422,25.09567642211914,76.77439880371094,21.52709007263184,51.36294555664063,33.858116149902344,27.496082305908203,13.154999732971191,14.320582389831545,9.33800220489502
2006-06-30,12.106158256530762,34.80694580078125,82.06665802001953,21.688894271850582,4.1843791007995605,54.43770980834961,20.256141662597656,46.116455078125,21.32295227050781,20.43534278869629,21.707653045654297,9.045246124267578,42.040794372558594,133400.0,12.869999885559082,33.29383850097656,26.181716918945312,80.82038116455078,22.031877517700195,51.854305267333984,34.09579086303711,26.62224769592285,12.022500038146973,14.427834510803224,9.78083324432373
2006-07-31,11.990904808044434,38.367774963378906,97.9920883178711,22.3747615814209,4.189381122589111,56.9592399597168,20.24281120300293,45.89631271362305,22.34344291687012,22.57697296142578,23.27311134338379,9.828699111938477,43.47951126098633,133850.0,13.329999923706056,44.55061721801758,23.95465850830078,83.6111831665039,23.07355499267578,50.3802375793457,34.66025161743164,27.513051986694336,12.637499809265137,12.951616287231444,10.49321460723877
2006-08-31,15.102777481079102,42.05392837524414,115.74117279052734,21.513206481933597,3.815953969955444,60.406864166259766,23.142257690429688,49.33665084838867,21.292245864868164,18.130237579345703,27.72061538696289,9.973718643188477,41.99115753173828,120750.0,12.289999961853027,46.67506408691406,22.404754638671875,68.79903411865234,19.261962890625,45.88708114624024,36.81791687011719,26.469541549682617,11.342499732971191,10.705156326293944,11.15396785736084
2006-09-30,15.949455261230469,37.56913757324219,101.75144958496094,23.542701721191406,4.579477787017822,56.16376876831055,22.07147979736328,49.4072494506836,21.624509811401367,21.27727699279785,23.112552642822266,9.372468948364258,44.68659210205078,114450.0,11.890000343322754,47.25921249389648,23.665918350219727,68.84265899658203,21.140504837036133,46.41461563110352,33.39874649047852,25.7484188079834,11.954999923706056,10.53938102722168,10.926020622253418
2006-10-31,13.679828643798828,34.49344253540039,54.43206405639648,24.97933387756348,4.697841167449951,52.28979110717773,17.884052276611328,47.58196640014648,23.734798431396484,17.2229061126709,17.11565399169922,7.089113235473633,45.50893783569336,130600.0,12.270000457763672,31.22723388671875,21.401424407958984,69.1097183227539,25.1799430847168,45.36112594604492,34.449275970458984,26.036865234375,11.829999923706056,11.135093688964844,10.648515701293944
2006-11-30,11.046703338623049,26.857419967651367,31.53732109069824,24.71257209777832,4.912895202636719,41.7020378112793,13.053071022033691,32.531890869140625,23.933698654174805,15.318334579467772,13.222081184387209,6.663722991943359,40.29325866699219,115490.0,9.029999732971191,18.67776870727539,17.599491119384766,57.15717697143555,20.838817596435547,42.69830322265625,16.332685470581055,21.98159408569336,8.34000015258789,8.870657920837402,10.64076328277588
2006-12-31,7.659994125366211,25.2570858001709,27.72533798217773,19.712833404541016,4.164373874664307,39.9181022644043,12.38393783569336,34.37239456176758,21.810420989990234,14.31291389465332,9.192035675048828,6.082997798919678,39.62799072265625,96600.0,7.739999771118164,19.252092361450195,17.137596130371094,56.1875228881836,17.795236587524414,38.51912307739258,16.253393173217773,19.53834342956543,9.092499732971191,6.43259859085083,10.267213821411133
2007-01-31,9.273557662963867,20.284713745117188,33.686378479003906,17.97212028503418,3.639242887496948,39.10630416870117,12.007144927978516,31.183204650878903,22.52201271057129,12.302074432373049,15.52610969543457,4.788908004760742,35.128150939941406,86700.0,7.949999809265137,18.476022720336918,18.10954475402832,39.088035583496094,10.426665306091309,33.64601516723633,26.245065689086918,15.637565612792969,9.114999771118164,4.269567966461182,8.28431510925293
2007-02-28,9.548397064208984,21.493383407592773,32.45866394042969,17.048490524291992,3.779278039932251,42.07622909545898,13.56456184387207,32.92746353149414,21.11189842224121,17.697004318237305,18.881807327270508,5.625005722045898,34.96788787841797,94000.0,8.40999984741211,24.68309211730957,21.92538833618164,49.16533279418945,13.003005027770996,38.97851943969727,28.538028717041016,18.858078002929688,9.329999923706056,6.993256092071533,8.440475463867188
2007-03-31,11.19742202758789,20.62768173217773,35.588253021240234,19.501033782958984,4.831208229064941,41.81780624389648,13.877280235290527,39.27021789550781,21.61616516113281,19.29096794128418,21.274145126342773,6.338611602783203,38.26870346069336,90000.0,10.140000343322754,25.698974609375,20.58504295349121,48.970191955566406,12.824947357177734,41.02489471435547,24.547670364379883,20.089448928833008,11.427499771118164,6.997208118438721,8.644380569458008
2007-04-30,10.151265144348145,21.9318904876709,41.89452362060547,20.744503021240234,4.85788106918335,44.2200927734375,14.853716850280762,45.65163040161133,22.73683738708496,21.35901641845703,24.284637451171875,7.205402374267578,41.02433013916016,97000.0,10.739999771118164,31.392000198364254,21.74032592773437,59.72920989990234,14.606990814208984,48.13768768310547,27.269397735595703,21.63081741333008,11.852499961853027,8.65072250366211,8.381711959838867
2007-05-31,10.29311752319336,24.34667587280273,38.97355651855469,20.965118408203125,4.6678338050842285,43.81321716308594,14.32897663116455,50.85491561889648,23.558300018310547,18.85773086547852,27.519916534423828,7.375195026397705,41.05116271972656,100850.0,11.75,33.20740509033203,23.82850456237793,60.49518203735352,16.188640594482422,49.575626373291016,27.1501407623291,22.423030853271484,12.0625,9.390220642089844,8.500560760498047
2007-06-30,10.98464298248291,24.66497230529785,38.65191650390625,21.80746841430664,5.383011817932129,47.142208099365234,14.807074546813965,53.26081848144531,23.99793815612793,22.08652114868164,29.326215744018555,7.971653461456299,41.356815338134766,101000.0,10.59000015258789,32.83370590209961,26.353424072265625,66.32981872558594,15.680261611938477,50.74452209472656,29.54515647888184,23.645790100097656,12.050000190734863,10.584237098693848,8.126522064208984
2007-07-31,10.098072052001951,23.5488338470459,44.989723205566406,23.559066772460938,5.424689769744873,48.20465087890625,15.246883392333984,55.57486343383789,25.507118225097656,21.35901641845703,29.57508087158203,8.809856414794922,43.01890182495117,100600.0,8.369999885559082,33.01876449584961,27.4483699798584,74.46895599365234,17.308536529541016,53.5943489074707,33.28178787231445,26.022422790527344,11.5600004196167,9.821587562561035,8.989502906799316
2007-08-31,9.84982967376709,25.39097213745117,49.35236358642578,22.953758239746094,5.903975963592529,48.51034164428711,14.592504501342772,56.00498580932617,27.005107879638672,21.800424575805664,35.44353103637695,9.811480522155762,44.093692779541016,99200.0,9.0,33.724727630615234,25.916807174682617,73.67818450927734,16.182518005371094,57.21388626098633,37.882999420166016,28.090709686279297,12.119999885559082,10.160032272338867,8.115852355957031
2007-09-30,10.82888889312744,21.63763236999512,50.25630569458008,24.19310188293457,6.27656888961792,53.67552185058594,14.91296100616455,59.00983810424805,26.846067428588867,25.078256607055664,31.301088333129883,10.14772605895996,44.97602081298828,121800.0,7.21999979019165,45.69710159301758,26.286264419555664,82.56787872314453,18.641000747680664,58.216556549072266,38.66829299926758,30.407644271850582,12.6899995803833,10.326300621032717,8.60079288482666
2007-10-31,9.95718479156494,20.962322235107425,42.29237747192383,24.542131423950195,6.586647033691406,56.71715545654297,15.153340339660645,58.192752838134766,27.24387550354004,23.22272109985352,32.986961364746094,11.023454666137695,44.35519409179688,115325.0,6.880000114440918,53.28008270263672,24.91135597229004,79.57103729248047,19.28205299377441,61.76932907104492,38.67822265625,32.0887336730957,12.782500267028809,11.596702575683594,8.827130317687988
2007-11-30,9.426974296569824,19.79468536376953,32.267799377441406,24.52161026000977,6.514129161834717,52.013954162597656,14.771759033203123,60.46065902709961,26.33146476745605,18.65337562561035,24.212383270263672,9.702165603637695,41.11267852783203,120000.0,5.800000190734863,48.163307189941406,18.99612045288086,62.07037734985352,16.13292694091797,55.37204360961914,39.57332611083984,27.43743133544922,11.414999961853027,9.976896286010742,7.85221004486084
2007-12-31,9.597721099853516,20.82179832458496,48.60953140258789,25.69750595092773,7.306827068328857,54.078224182128906,14.598076820373535,52.41570663452149,29.40588760375977,22.23365020751953,19.39559555053711,9.719209671020508,40.06692886352539,118675.0,5.190000057220459,55.20325469970703,19.24364471435547,69.09988403320312,15.014081954956056,55.409549713134766,40.150978088378906,28.343307495117188,12.5024995803833,10.262897491455078,7.902265071868896
2008-01-31,9.723533630371094,21.96748924255371,48.692378997802734,24.65609741210937,8.464615821838379,60.68903350830078,15.847698211669922,55.78365707397461,29.83278083801269,24.808504104614254,22.79142570495605,10.20166015625,43.53816223144531,124500.0,6.130000114440918,67.19941711425781,23.982959747314453,75.80656433105469,15.641766548156738,61.165626525878906,46.00343704223633,28.831079483032227,13.454999923706056,12.177360534667969,8.675267219543457
2008-02-29,10.550302505493164,20.31562614440918,56.0814208984375,23.55975151062012,9.28982162475586,67.51692962646484,16.144472122192383,57.85934066772461,30.287891387939453,27.80841445922852,26.893728256225582,11.688563346862791,43.62226867675781,120200.0,6.420000076293945,72.25786590576172,25.073949813842773,80.90276336669922,17.204492568969727,59.611419677734375,53.24931716918945,31.80129051208496,13.824999809265137,11.499743461608888,9.476046562194824
2008-03-31,11.179366111755373,21.420806884765625,63.32067489624024,24.353139877319336,10.260065078735352,71.2652816772461,17.861663818359375,63.726783752441406,31.03929328918457,30.178916931152344,27.2148551940918,12.685665130615234,43.83487701416016,120450.0,7.570000171661377,81.84807586669922,28.031036376953125,82.58080291748047,19.54837226867676,61.25820159912109,56.07601547241211,33.029685974121094,14.640000343322754,12.466625213623049,8.997217178344727
2008-04-30,10.145903587341309,22.635921478271484,67.20150756835938,23.92564010620117,8.992247581481934,72.54524230957031,22.04369735717773,68.06395721435547,31.25217628479004,30.34239959716797,27.311182022094727,13.58729362487793,42.3607177734375,122425.0,6.980000019073486,78.77534484863281,29.09586334228516,80.19243621826172,19.570114135742188,62.40810775756836,57.10118865966797,34.22724151611328,15.442500114440918,13.200359344482422,8.610932350158691
2008-05-31,9.99313259124756,22.782480239868164,71.23407745361328,23.58926010131836,9.34983730316162,78.55877685546875,24.054262161254883,71.9510498046875,31.675373077392575,35.9661979675293,24.549558639526367,14.897799491882324,43.938114166259766,131300.0,7.159999847412109,75.40995025634766,31.311782836914062,79.92607116699219,20.099231719970703,65.86121368408203,61.5625228881836,38.51556015014648,15.817500114440918,13.296063423156738,9.25766658782959
2008-06-30,10.007771492004396,22.07713508605957,65.34285736083984,23.20381164550781,10.347586631774902,80.73448181152344,25.853490829467773,71.74226379394531,32.14434051513672,34.396766662597656,29.93634414672852,15.430771827697754,42.371952056884766,125300.0,7.190000057220459,81.74878692626953,28.99988174438477,83.1739273071289,19.246505737304688,66.76811981201172,69.16073608398438,37.94319915771485,15.68000030517578,13.151690483093262,9.690229415893556
2008-07-31,10.93830108642578,26.91146850585937,58.82615661621094,24.565160751342773,11.21280288696289,78.04047393798828,26.39971160888672,77.69586944580078,34.004337310791016,29.92551040649414,29.42254638671875,16.527616500854492,48.539024353027344,118775.0,7.179999828338623,78.67671966552734,31.646299362182617,83.25399017333984,18.642087936401367,67.79378509521484,74.59803009033203,36.65758895874024,16.1299991607666,12.300466537475586,10.076919555664062
2008-08-31,10.655494689941406,26.628007888793945,56.23563766479492,24.423778533935547,11.305326461791992,77.88156127929688,25.673564910888672,76.09749603271484,34.11968994140625,25.74853134155273,29.20578384399414,17.206483840942383,47.98358917236328,116105.0,6.909999847412109,77.36842346191406,30.79767608642578,84.4553451538086,18.67154884338379,68.13136291503906,78.90998077392578,34.37693405151367,15.657500267028809,10.898448944091797,10.06879711151123
2008-09-30,10.810582160949709,27.02520751953125,59.10002899169922,22.7197380065918,8.682170867919922,72.03939056396484,22.1185302734375,72.89994812011719,36.42987060546875,17.10846519470215,23.674510955810547,16.609411239624023,47.887115478515625,109769.0,6.78000020980835,69.76995086669922,25.69416046142578,70.0930404663086,16.988101959228516,60.00693893432617,74.98434448242188,29.991771697998047,13.957500457763672,9.61573886871338,9.611376762390137
2008-10-31,10.856195449829102,27.42829322814941,40.68787384033203,23.07617950439453,8.687171936035156,64.5124740600586,17.730979919433594,66.30584716796875,36.954837799072266,14.108560562133787,20.6479549407959,15.47087860107422,46.35150146484375,106800.0,5.909999847412109,61.31526184082031,24.00116729736328,60.36582565307617,17.31958770751953,51.91489791870117,78.84962463378906,26.557594299316406,12.692500114440918,8.247024536132812,8.95865249633789
2008-11-30,12.215500831604004,27.45884132385254,48.65596771240234,23.914770126342773,9.664916038513184,76.04403686523438,21.38727188110352,74.37748718261719,37.505706787109375,20.00211334228516,21.386533737182617,17.815876007080078,46.86094665527344,116950.0,5.889999866485596,74.65804290771484,24.22738265991211,72.98661804199219,18.827869415283203,57.143253326416016,69.03702545166016,30.713823318481445,14.717499732971191,10.282727241516112,9.456355094909668
2008-12-31,11.330584526062012,27.48991203308105,43.87434005737305,23.44725608825684,8.809701919555664,79.87906646728516,23.09531593322754,74.34864044189453,38.90164566040039,18.56346321105957,23.33733367919922,19.626787185668945,47.538230895996094,118500.0,5.900000095367432,72.62669372558594,24.774803161621094,74.10153198242188,19.0706729888916,59.01810836791992,61.02751541137695,31.567964553833008,14.414999961853027,10.690131187438965,9.50439739227295
2009-01-31,11.257600784301758,26.09903335571289,46.58511352539063,22.99970817565918,8.144536018371582,87.70503997802734,25.928546905517575,74.72354125976562,38.60049057006836,17.10846519470215,29.181699752807617,19.76375770568848,48.41231155395508,117925.0,5.960000038146973,78.40939331054688,24.510299682617188,81.73148345947266,20.85837745666504,63.14732360839844,71.89686584472656,34.8288688659668,15.72249984741211,12.905014038085938,9.742215156555176
2009-02-28,10.901809692382812,27.725605010986328,48.06665802001953,24.17508316040039,8.677168846130371,85.94892120361328,28.137481689453125,76.5467529296875,38.43066787719727,18.60433578491211,31.50981712341309,19.64017677307129,48.224891662597656,117934.0,6.21999979019165,91.19799041748048,24.52268409729004,80.3914794921875,21.73054313659668,64.22612762451172,79.21212005615234,37.595481872558594,16.575000762939453,12.84213161468506,9.80222225189209
2009-03-31,11.919846534729004,29.30937957763672,43.96329116821289,24.75645637512207,9.749937057495115,95.8358917236328,24.35980796813965,83.78799438476562,39.32362747192383,17.51717758178711,31.15658569335937,20.56124496459961,48.23971176147461,120800.0,6.260000228881836,87.61270904541016,25.92777442932129,78.94249725341797,23.925167083740234,65.51654052734375,87.87284088134766,38.598262786865234,17.572500228881836,12.771955490112305,9.587963104248049
2009-04-30,10.864829063415527,29.6362419128418,39.77930068969727,23.19774436950684,9.737434387207031,95.19640350341795,20.816925048828125,80.00239562988281,40.33355331420898,14.059515953063965,25.19982147216797,19.86701011657715,46.71158599853516,118850.0,5.739999771118164,73.6180191040039,22.7263298034668,79.7476577758789,23.13684463500977,62.31591796875,84.89289855957031,40.92616653442383,16.857500076293945,12.980842590332031,9.114217758178713
2009-05-31,11.13321018218994,31.808765411376957,48.68963623046875,24.441591262817383,9.619905471801758,93.66590881347656,22.12060546875,83.35508728027344,43.0999641418457,14.329265594482422,31.92728042602539,21.31053924560547,51.79199981689453,127445.0,5.170000076293945,72.82072448730469,27.075008392333984,80.91686248779297,25.07044792175293,67.35081481933594,75.03549194335938,43.99718475341797,17.532499313354492,12.451736450195312,9.18047046661377
2009-06-30,10.88333797454834,27.990388870239254,48.52205276489258,25.940128326416016,9.76244068145752,96.8116683959961,23.393123626708984,80.2117919921875,40.89466094970703,14.255694389343262,33.57301712036133,21.478748321533203,50.91115951538086,126560.0,5.400000095367432,74.09855651855469,26.83488273620605,78.52430725097656,25.00308990478516,68.79769134521484,83.59988403320312,44.29265975952149,17.827499389648438,12.722554206848145,9.273420333862305
2009-07-31,10.07819366455078,29.28420829772949,44.0637321472168,26.25138664245605,10.700175285339355,102.95126342773438,25.27667808532715,85.92079162597656,40.73274612426758,13.54454517364502,27.654132843017575,22.81483268737793,53.470664978027344,129505.0,5.139999866485596,71.40504455566406,26.437152862548828,82.56597900390625,24.99627685546875,65.08291625976562,95.6937026977539,43.97928237915039,18.71500015258789,14.645480155944824,10.497112274169922
2009-08-31,10.605700492858888,27.536806106567383,45.51176071166992,27.352956771850582,11.390348434448242,105.1768035888672,26.08466911315918,87.17652893066406,38.04426956176758,14.697094917297363,27.00782012939453,21.7947998046875,53.11328125,131916.0,5.539999961853027,75.28104400634766,25.65447425842285,80.48883056640625,24.28124046325684,68.0198745727539,94.65680694580078,44.4627685546875,19.247499465942383,15.585122108459473,10.987821578979492
2009-09-30,9.828320503234863,27.082826614379883,47.67538070678711,26.388687133789062,11.332833290100098,105.2858657836914,25.92400932312012,89.4742660522461,37.8737907409668,16.078523635864258,34.5536994934082,20.76505470275879,53.39510345458984,134060.0,5.730000019073486,83.0959701538086,27.99976921081543,82.45767211914062,24.18657684326172,69.44086456298828,92.2041244506836,45.26373291015625,19.75749969482422,15.913833618164062,10.895700454711914
2009-10-31,10.550172805786133,26.259185791015625,51.56485366821289,27.76522445678711,11.625406265258787,110.92413330078124,28.4183292388916,97.10579681396484,38.787559509277344,18.29371833801269,38.2213249206543,23.00912857055664,56.30477523803711,145875.0,7.46999979019165,88.06562042236328,30.23157501220703,91.205078125,25.06498908996582,75.19952392578125,101.0785140991211,48.981929779052734,20.07749938964844,16.77848243713379,11.5991849899292
2009-11-30,13.233990669250488,25.961408615112305,49.4862060546875,31.130943298339844,11.707926750183104,117.6863021850586,28.46224403381348,98.1248779296875,40.67088317871094,16.90411949157715,38.35142135620117,22.02044105529785,58.436641693115234,152600.0,7.389999866485596,89.23860168457031,31.17738342285156,94.78316497802734,25.73137092590332,78.26004028320312,105.77587127685548,49.62737655639648,20.559999465942383,16.788700103759766,12.296113967895508
2009-12-31,14.02670669555664,30.64339828491211,52.27582550048828,35.10172653198242,12.710678100585938,113.15396881103516,27.757051467895508,97.8382568359375,43.87630081176758,13.528194427490234,45.19247817993164,25.31535148620605,65.43889617919922,159000.0,7.489999771118164,81.93746948242188,37.70375061035156,84.62609100341797,25.348093032836918,78.79431915283203,110.1042709350586,57.12739562988281,22.77750015258789,18.946632385253903,14.472456932067873
2010-01-31,13.529769897460938,25.96235656738281,51.62228393554688,32.37889862060547,13.620904922485352,117.47584533691406,29.363258361816406,105.2718276977539,39.73738861083984,14.492742538452148,51.76532745361328,22.249509811401367,65.11856842041016,171300.0,9.239999771118164,92.5237045288086,36.57588195800781,86.72349548339844,26.703857421875,83.45132446289062,112.707275390625,57.34557342529297,21.790000915527344,19.556589126586918,14.235488891601562
2010-02-28,16.858301162719727,25.33675193786621,35.0406379699707,35.62633514404297,14.123531341552734,119.27456665039062,31.045307159423828,113.61036682128906,41.7078857421875,17.71335220336914,52.85190582275391,26.09905815124512,72.32816314697266,173900.0,10.920000076293944,93.73020935058594,38.48279571533203,95.56629180908205,28.608293533325195,88.86994171142578,127.03890991210938,58.77285385131836,24.059999465942383,19.542123794555664,16.60314178466797
2010-03-31,15.639402389526367,24.613630294799805,36.6865119934082,30.99034118652344,15.183795928955078,125.8178253173828,29.94771957397461,119.0700454711914,38.78915786743164,16.233835220336914,52.24700927734375,26.471406936645508,67.56543731689453,170410.0,11.739999771118164,103.2850112915039,41.46609878540039,103.01971435546876,28.21758270263672,90.86832427978516,129.37322998046875,58.627403259277344,25.262500762939453,20.00838279724121,17.121448516845703
2010-04-30,15.639402389526367,25.572509765625,39.09986877441406,32.655548095703125,17.336833953857422,120.23446655273438,30.27399063110352,145.09278869628906,40.95582580566406,15.236589431762695,57.38106918334961,28.23898696899414,72.17945098876953,172994.0,11.6899995803833,98.73760223388672,45.658958435058594,118.2681655883789,28.81928062438965,95.76901245117188,128.8943634033203,62.35466766357422,26.1825008392334,21.558115005493164,18.18252182006836
2010-05-31,16.71765899658203,22.596471786499023,40.52423477172852,33.2001953125,17.14178466796875,131.48898315429688,30.465930938720703,150.0078582763672,39.30044174194336,18.449024200439453,69.3927001953125,31.07787132263184,71.8828125,177900.0,12.020000457763672,110.1004638671875,44.50296401977539,129.9364776611328,31.34221649169922,107.25077056884766,123.5374755859375,70.3121566772461,29.524999618530277,23.698177337646484,16.843975067138672
2010-06-30,16.061325073242188,21.575584411621094,38.28670883178711,31.843130111694336,15.76144027709961,130.31260681152344,28.299657821655277,162.099609375,38.68193054199219,21.751379013061523,71.27018737792969,34.23163604736328,69.43415069580078,169511.0,13.529999732971191,99.17398834228516,44.43323516845703,120.4919891357422,30.82243537902832,98.0283432006836,124.00513458251952,66.82416534423828,28.024999618530277,22.594066619873047,15.382428169250488
2010-07-31,18.1428337097168,21.33738899230957,41.88732147216797,33.46581268310547,16.249061584472656,128.77435302734375,29.078487396240234,164.77951049804688,40.31806182861328,21.857646942138672,71.94841003417969,33.990699768066406,72.81902313232422,173708.0,13.100000381469728,114.4664535522461,52.90056610107422,120.50103759765624,31.916305541992188,103.7065200805664,127.92643737792967,74.37075805664062,29.024999618530277,23.59087371826172,17.95074462890625
2010-08-31,19.34910774230957,23.590362548828125,43.08455657958984,34.6789436340332,16.860464096069336,126.77086639404295,30.831865310668945,164.332763671875,38.591705322265625,21.05657768249512,76.19766998291016,34.05392074584961,77.64885711669922,187350.0,13.520000457763672,116.8747100830078,51.40579605102539,119.93616485595705,33.42982864379883,104.42239379882812,137.0561981201172,73.6897201538086,28.34499931335449,21.96720314025879,18.68264389038086
2010-09-30,18.94205474853516,23.396259307861328,43.1190185546875,35.39643859863281,15.67141819000244,132.13427734375,31.37873077392578,157.46426391601562,41.74232482910156,20.181941986083984,73.09398651123047,36.66318130493164,80.0677261352539,193275.0,12.609999656677246,118.33377075195312,52.86164093017578,123.27471160888672,31.80747413635254,107.06255340576172,131.6182861328125,73.01787567138672,30.38999938964844,22.12149810791016,19.705591201782227
2010-10-31,21.10983657836914,24.3314151763916,42.82544708251953,35.64542007446289,15.180045127868652,138.8480224609375,34.83576965332031,173.52420043945312,42.00460052490234,20.059335708618164,76.93559265136719,39.481632232666016,83.2763900756836,189900.0,12.770000457763672,121.5470962524414,57.98133087158203,137.16058349609375,33.98060607910156,110.93336486816406,135.23028564453125,78.90791320800781,30.15999984741211,22.900522232055664,21.231576919555664
2010-11-30,21.18556785583496,21.871641159057617,39.932884216308594,32.58184814453125,16.37659454345703,137.19207763671875,33.814781188964844,178.7892608642578,40.80426025390625,19.241920471191406,83.26213073730469,37.69282913208008,79.67056274414062,188124.0,12.779999732971191,109.80918884277344,53.78897857666016,133.0832977294922,32.96872329711914,109.11339569091795,160.55584716796875,79.03675842285156,30.834999084472656,24.0015869140625,21.038286209106445
2010-12-31,19.680429458618164,23.80137634277344,38.66300582885742,33.474945068359375,14.816204071044922,139.30612182617188,32.98002243041992,181.63478088378903,41.6804084777832,18.183992385864254,81.11993408203125,38.34805679321289,85.41837310791016,206900.0,11.8100004196167,104.53636169433594,46.6122932434082,146.47584533691406,33.004974365234375,110.3794403076172,155.4361572265625,81.93575286865234,32.31999969482422,25.55814552307129,22.409252166748047
2011-01-31,18.8852596282959,26.474334716796875,38.57594299316406,34.860111236572266,16.466617584228516,150.95303344726562,31.05858612060547,189.78958129882807,46.60907745361328,17.29737091064453,82.33357238769531,34.827171325683594,86.37200164794922,210000.0,13.279999732971191,115.78363037109376,50.50517654418945,151.87393188476562,33.612525939941406,119.79843139648438,163.5697784423828,84.0984878540039,34.7400016784668,24.75597381591797,24.008066177368164
2011-02-28,19.0745849609375,27.916404724121094,39.965965270996094,34.7259521484375,18.60090065002441,149.09353637695312,24.9826717376709,193.90304565429688,49.0470085144043,18.40646171569824,92.98253631591795,29.420503616333008,84.34539794921875,226000.0,13.25,114.81013488769533,60.22857284545898,157.72987365722656,35.6577262878418,128.70489501953125,161.76341247558594,87.78633880615234,35.48500061035156,28.425270080566406,27.75923156738281
2011-03-31,21.73713111877441,25.32803726196289,40.51412582397461,36.99532318115234,17.52813148498535,164.2911834716797,23.22701835632324,211.5173492431641,45.77798080444336,18.698429107666016,76.85743713378906,28.89581298828125,81.7112045288086,217500.0,17.75,111.04022216796876,67.21527099609375,150.44667053222656,34.83969497680664,130.00189208984375,187.0774688720703,97.75889587402344,39.70000076293945,29.29633140563965,33.22734069824219
2011-04-30,21.82320022583008,25.94210624694824,38.70216369628906,35.77442932128906,16.706676483154297,160.8680877685547,27.666034698486328,208.8990936279297,46.19073867797852,21.88661003112793,82.5408706665039,29.17536735534668,80.57408905029297,213400.0,17.81999969482422,110.73587799072266,65.82623291015625,154.1930694580078,34.20145034790039,123.25547790527344,177.7445526123047,101.32849884033205,38.79999923706055,28.591476440429688,29.86821174621582
2011-05-31,23.152484893798828,23.748035430908203,41.46035003662109,38.1268424987793,17.794448852539062,164.97183227539062,23.790027618408203,210.4306488037109,43.90077590942383,21.58373641967773,66.63172912597656,23.94684600830078,79.73804473876953,204850.0,17.700000762939453,105.64875793457033,67.28816223144531,155.16017150878906,34.82357406616211,122.37731170654295,177.64471435546875,106.3800048828125,41.415000915527344,30.97492408752441,31.51030540466309
2011-06-30,24.66346740722656,24.77674865722656,38.00017166137695,39.7155647277832,21.82670783996582,160.2360382080078,18.833026885986328,206.4618682861328,48.23168563842773,23.61993789672852,73.12328338623047,23.27378463745117,81.98798370361328,214000.0,17.34000015258789,104.31192779541016,77.00206756591797,156.0889434814453,36.27589416503906,120.02969360351562,176.70700073242188,112.49208068847656,43.43000030517578,32.60993576049805,34.10465240478516
2011-07-31,27.379413604736328,23.56928062438965,36.13290786743164,38.65240097045898,19.369842529296875,155.2738800048828,15.687813758850098,185.20309448242188,48.18112564086914,21.45015525817871,69.63961029052734,22.177534103393555,77.47903442382812,202531.0,16.739999771118164,98.79895782470705,69.24021911621094,137.14010620117188,33.9810676574707,113.51758575439452,162.15113830566406,95.50579071044922,42.6349983215332,31.89130973815918,30.06941795349121
2011-08-31,29.54069709777832,23.08992958068848,27.71778106689453,40.81900405883789,16.875469207763672,150.11053466796875,13.97294807434082,173.43927001953125,51.198673248291016,21.45015525817871,67.98844909667969,19.831064224243164,76.95964050292969,195240.0,16.40999984741211,88.11162567138672,66.48019409179688,131.32394409179688,33.10847473144531,113.22210693359376,148.6136016845703,95.8057632446289,43.30500030517578,30.059431076049805,31.43779563903809
2011-09-30,36.01498031616211,23.42029190063477,28.189990997314453,42.3327751159668,22.153038024902344,185.63470458984372,15.933910369873049,177.75119018554688,48.104129791259766,25.22075080871582,53.41338348388672,18.493995666503903,84.07962799072266,201360.0,18.280000686645508,82.26860809326172,67.52128601074219,144.60415649414062,35.43357467651367,125.8714828491211,146.0078887939453,106.37063598632812,48.119998931884766,33.950801849365234,32.9165153503418
2011-10-31,37.01910781860352,23.673967361450195,24.797122955322266,42.58397674560547,21.200300216674805,182.0848693847656,11.45676040649414,185.14849853515625,49.74499130249024,23.10297393798828,51.82329559326172,15.470216751098633,85.30876159667969,197800.0,18.440000534057617,72.1376953125,68.42928314208984,136.1250457763672,34.653907775878906,121.09642028808594,133.9778594970703,99.13702392578124,45.72999954223633,33.50988006591797,36.561279296875
2011-11-30,30.2866268157959,25.24788475036621,23.95227813720703,50.34267807006836,18.47336769104004,161.37046813964844,7.524296760559082,146.35107421875,54.69567489624024,20.75865364074707,37.566505432128906,15.467435836791992,88.0099105834961,202555.0,16.979999542236328,80.76790618896484,63.72893905639648,125.06068420410156,31.28353500366211,127.01569366455078,142.75872802734375,90.11768341064452,47.81499862670898,29.04164123535156,34.98311996459961
2011-12-31,32.62519073486328,27.133737564086918,24.519874572753903,52.005821228027344,18.885971069335938,175.6308135986328,10.209583282470703,147.88404846191406,59.85980224609375,21.43940734863281,41.19450378417969,19.24405860900879,90.51109313964844,213450.0,18.809999465942383,91.00772094726562,68.00767517089844,148.9317169189453,33.17254638671875,134.91822814941406,153.75323486328125,93.69335174560548,51.290000915527344,33.83988571166992,33.528038024902344
2012-01-31,37.85062026977539,25.018390655517575,23.160377502441406,49.62031936645508,18.51837921142578,164.67388916015625,12.027280807495115,172.23194885253906,57.75331497192383,19.76045036315918,40.58409118652344,28.343830108642575,94.94010162353516,211695.0,22.709999084472656,95.57302856445312,62.77314758300781,150.99105834960938,34.99502944946289,137.19410705566406,162.58079528808594,93.60843658447266,52.665000915527344,36.58283615112305,31.43911361694336
2012-02-29,38.20732879638672,26.61968994140625,24.032451629638672,54.50288009643555,21.09902572631836,164.17330932617188,13.812507629394531,175.79925537109375,63.41353225708008,18.98387336730957,41.68444442749024,31.09629249572754,102.19392395019533,216975.0,23.3700008392334,93.87816619873048,67.53385925292969,139.26597595214844,33.178749084472656,142.73663330078125,171.3284912109375,92.28761291503906,54.3650016784668,37.25788879394531,32.344661712646484
2012-03-31,39.88486862182617,25.230056762695312,27.603349685668945,49.974029541015625,22.153038024902344,171.20928955078125,13.868818283081056,174.15243530273438,59.830867767333984,19.566314697265625,41.164058685302734,31.14708709716797,101.21337127685548,225760.0,23.81999969482422,105.73065948486328,65.75543975830078,151.3317413330078,36.321380615234375,147.0050811767578,185.689697265625,89.76502227783203,51.525001525878906,40.861610412597656,28.22887420654297
2012-04-30,42.70968627929688,25.49986267089844,22.664894104003903,45.01941680908203,20.982746124267575,175.9535675048828,14.598271369934082,157.295654296875,59.870643615722656,20.397111892700195,52.01377868652344,34.13624954223633,100.1871566772461,216220.0,23.799999237060547,107.86866760253906,65.68211364746094,160.66690063476562,35.516605377197266,144.53640747070312,179.0379638671875,88.24453735351562,49.73500061035156,40.53829574584961,26.190465927124023
2012-05-31,41.62025451660156,26.432594299316406,21.803150177001957,45.01543426513672,19.763690948486328,167.39671325683594,12.169841766357422,119.95970916748048,60.06941223144531,22.33000373840332,51.98709487915039,32.57701110839844,98.37223052978516,215700.0,22.0,107.59088897705078,67.40118408203125,160.33578491210938,37.065128326416016,135.57211303710938,175.82196044921875,88.08299255371094,49.2400016784668,36.96636199951172,27.337621688842773
2012-06-30,35.29574966430664,24.383161544799805,26.583030700683597,47.127872467041016,23.735933303833008,174.93057250976562,16.73200798034668,135.92221069335938,56.00609588623047,23.43581771850586,56.63071060180664,36.94931411743164,95.04685974121094,237000.0,20.459999084472656,120.2420654296875,69.34864807128906,176.29393005371094,41.089630126953125,141.75698852539062,164.2862548828125,94.19338989257812,52.310001373291016,36.3312873840332,28.608741760253903
