Date,ODFL,EMN,ADP,RHI,EQIX,INTU,ARE,AMGN,ILMN,RF,MMM,CNP,WAT,PEG,APA,EQR,HAL,WST,VTR,TYL,PAYX
2001-12-31,1.0882939100265503,10.341212272644045,29.282495498657227,19.21194648742676,73.41241455078125,19.25716590881348,20.40443420410156,42.30769348144531,5.880000114440918,12.745990753173828,33.92790222167969,8.520220756530762,38.75,9.113930702209473,18.504886627197266,10.609973907470703,4.753261089324951,5.075155735015869,4.654596328735352,4.550000190734863,18.60257911682129
2002-01-31,1.1741222143173218,10.64334201812744,26.846437454223636,18.86656951904297,57.97048568725586,17.668163299560547,20.309051513671875,41.60304641723633,4.224999904632568,13.312198638916016,31.85854148864746,8.05758285522461,34.599998474121094,9.090170860290527,18.02776527404785,9.896733283996582,4.989111423492432,4.949146747589111,4.909587860107422,4.400000095367432,19.65339088439941
2002-02-28,1.1071760654449463,11.661027908325195,26.20509529113769,18.71547508239746,31.643287658691406,17.055973052978516,20.760915756225582,43.46208953857422,3.430000066757202,13.83583927154541,34.03265380859375,6.792553901672363,31.25,9.109614372253418,19.611572265625,9.95955753326416,6.03269100189209,5.5641865730285645,5.239214897155762,4.199999809265137,19.787282943725582
2002-03-31,1.2273343801498413,11.800997734069824,25.32571792602539,18.895353317260746,14.429338455200195,17.63665199279785,23.203933715820312,39.63910675048828,4.199999809265137,15.056451797485352,36.30379486083984,8.28822135925293,26.950000762939453,10.137277603149414,21.72443580627441,10.578636169433594,6.211843013763428,5.415886878967285,5.573631763458252,5.429999828338623,20.04985618591309
2002-04-30,1.19300377368927,12.376330375671388,25.86371612548828,17.758464813232422,11.644732475280762,19.68480682373047,23.610130310058597,35.70367431640625,3.200000047683716,15.47718906402588,36.37462615966797,5.675875663757324,26.65999984741211,9.903254508972168,20.737472534179688,10.856234550476074,6.78220796585083,5.52807092666626,5.529904365539551,5.260000228881836,18.610424041748047
2002-05-31,1.2874137163162231,11.97536849975586,18.618099212646484,14.354998588562012,12.15102195739746,19.797344207763672,22.1365966796875,34.21195602416992,2.2249999046325684,15.251222610473633,36.49062347412109,3.356809139251709,22.709999084472656,7.649131774902344,19.217992782592773,10.185897827148438,4.8592915534973145,5.0902485847473145,5.466825485229492,4.920000076293945,14.190752983093262
2002-06-30,1.5852359533309937,10.414583206176758,17.412067413330078,11.419236183166504,8.606972694396973,20.49507141113281,21.79287338256836,31.258529663085938,1.7200000286102295,14.25979995727539,32.045379638671875,3.389471530914306,24.25,6.862552165985107,22.18465614318848,9.268033981323242,4.791940212249756,4.174315452575684,5.7419939041137695,4.400000095367432,13.090446472167969
2002-07-31,2.0040738582611084,9.915271759033203,21.2981014251709,12.01646327972412,7.088097095489502,23.371492385864254,21.80325698852539,34.9015998840332,2.039999961853028,14.783586502075195,36.990455627441406,2.8438286781311035,25.18000030517578,6.446299076080322,20.20784950256348,9.182856559753418,6.005701541900635,3.779982328414917,4.881337642669678,4.0,15.606739044189451
2002-08-31,2.4375040531158447,10.153403282165527,19.712337493896484,11.591931343078612,4.509168148040772,21.12076759338379,22.37613296508789,36.23588562011719,1.684999942779541,14.687326431274414,36.104618072509766,3.4990251064300537,21.780000686645508,7.358169078826904,21.3030948638916,9.685239791870115,6.991150379180908,4.808738708496094,5.003666877746582,4.170000076293945,15.108543395996094
2002-09-30,2.6632304191589355,9.452027320861816,17.412145614624023,10.908361434936523,2.768787384033203,19.851362228393555,21.71955680847168,38.19985580444336,1.5,14.431976318359377,36.47063827514648,3.0447652339935303,23.049999237060547,8.08710765838623,23.366779327392575,9.630075454711914,7.009829044342041,3.7730941772460938,4.959968566894531,3.900000095367432,13.69399642944336
2002-10-31,2.380857467651367,8.888716697692871,16.32232093811035,9.63475513458252,2.729233741760254,21.39085578918457,21.82460594177246,40.95840072631836,1.2050000429153442,14.255859375,36.90312576293945,2.0313003063201904,23.170000076293945,7.938111782073975,24.44134330749512,9.567035675048828,7.570318698883057,3.810866117477417,5.362998008728027,3.7799999713897705,14.270475387573242
2002-11-30,2.7035694122314453,8.1255521774292,15.524919509887695,9.577197074890137,2.3336918354034424,16.7453670501709,22.369462966918945,43.139739990234375,1.1299999952316284,14.405587196350098,38.27480316162109,3.128596782684326,21.15999984741211,8.545234680175781,24.271730422973636,9.652889251708984,7.793458938598633,3.896345853805542,5.184233665466309,3.5299999713897705,14.939409255981444
2002-12-31,2.846043825149536,8.557197570800781,16.9569034576416,11.714261054992676,2.571016788482666,17.474592208862305,22.502450942993164,45.95075607299805,0.9950000047683716,14.988027572631836,37.10034942626953,3.5058038234710693,24.01000022888184,8.959810256958008,22.54471206665039,10.390789985656738,8.04910659790039,4.78682804107666,5.809916496276856,3.950000047683716,17.0013484954834
2003-01-31,2.751203775405884,8.996607780456543,17.131900787353516,13.628257751464844,6.209993839263916,20.076431274414062,23.938779830932617,49.428932189941406,1.4049999713897705,15.146655082702637,38.167625427246094,3.660961627960205,29.1299991607666,9.962934494018556,25.6202449798584,10.576130867004396,8.69316577911377,4.917286396026611,6.898285865783691,4.25,16.040767669677734
2003-02-28,4.119726657867432,10.311863899230955,18.761096954345703,15.621414184570312,15.070111274719238,19.414724349975582,24.62781524658203,52.045047760009766,1.5299999713897705,16.186912536621094,41.487831115722656,3.625025749206543,31.709999084472656,9.609222412109377,24.43841361999512,11.370866775512695,8.379459381103516,5.306913375854492,7.535749435424805,4.949999809265137,17.74597930908203
2003-03-31,3.781135320663452,9.636031150817873,18.19439697265625,14.03119659423828,14.745771408081056,21.714956283569336,26.160371780395508,48.3644905090332,2.674999952316284,15.500715255737305,41.065879821777344,4.168951034545898,27.43000030517578,10.027754783630373,27.34924697875977,12.110516548156738,9.213248252868652,6.334709167480469,7.920522689819336,7.079999923706055,18.677091598510746
2003-04-30,4.128737449645996,9.336877822875977,19.15359115600586,16.988550186157227,14.397697448730469,22.552227020263672,27.77804374694824,46.29558563232422,3.025000095367432,16.63215446472168,46.89252471923828,4.459914207458496,31.43000030517578,9.757956504821776,27.546131134033203,12.098100662231444,9.072676658630373,6.729549884796143,8.651505470275879,7.920000076293945,21.38402938842773
2003-05-31,4.387507915496826,11.502975463867188,20.17582321166992,16.79426383972168,22.316425323486328,23.794626235961918,31.850143432617188,46.31807327270508,3.525000095367432,16.983816146850586,50.77198028564453,4.450586795806885,33.15999984741211,10.596331596374512,32.04233169555664,12.38469409942627,9.931151390075684,6.902620315551758,10.30066204071045,9.630000114440918,20.439002990722656
2003-06-30,4.35145902633667,12.558229446411133,21.46289825439453,16.995746612548828,28.66090965270996,20.089942932128903,34.98723602294922,43.58951950073242,3.75,16.86292839050293,49.10522079467773,5.300833702087402,40.84000015258789,11.500024795532228,34.16209411621094,12.710911750793455,11.652798652648926,7.659969329833984,13.028325080871582,9.710000038146973,19.623817443847656
2003-07-31,4.795618057250977,12.525860786437988,22.387845993041992,19.62210464477539,23.091684341430664,19.13563346862793,31.555156707763672,42.28519821166992,3.755000114440918,16.027164459228516,51.87026977539063,5.004021644592285,43.150001525878906,10.501304626464844,33.17755889892578,11.69318389892578,11.426566123962402,7.989725589752197,10.472914695739746,9.4399995803833,20.55572509765625
2003-08-31,5.692945957183838,13.733236312866213,21.468582153320312,21.469276428222656,26.84933280944824,17.36656379699707,31.8834285736084,40.90592575073242,3.164999961853028,17.065227508544922,54.22237777709961,5.384477615356445,47.77999877929688,9.929862022399902,34.50877380371094,12.848984718322754,11.653104782104492,8.710447311401367,11.224797248840332,9.460000038146973,18.73628807067871
2003-09-30,5.428383827209473,13.822357177734377,20.386951446533203,17.708093643188477,25.148500442504883,19.036602020263672,36.38685607910156,44.44406509399414,2.875,18.823383331298828,49.84206008911133,5.1685075759887695,43.310001373291016,10.502882957458496,35.45756912231445,13.998600959777832,11.281964302062988,8.278003692626953,13.147666931152344,9.100000381469728,16.47443962097168
2003-10-31,5.5635600090026855,14.260594367980955,21.253910064697266,18.626022338867188,24.341598510742188,20.436548233032227,37.27043914794922,42.585052490234375,2.9549999237060547,19.272253036499023,48.39567947387695,4.894492149353027,44.09999847412109,10.707460403442385,39.75784683227539,13.585930824279783,13.030139923095703,8.631976127624512,12.61366844177246,8.84000015258789,16.740962982177734
2003-11-30,6.054065704345703,16.308963775634766,23.419418334960938,19.5789852142334,30.757272720336918,18.83403778076172,40.71845626831055,45.00627136230469,3.799999952316284,20.59434509277344,48.378700256347656,5.320160865783691,46.65999984741211,11.05683422088623,42.959022521972656,14.773599624633787,16.041868209838867,9.728811264038086,13.18789768218994,7.840000152587891,18.485870361328125
2003-12-31,6.720302104949951,17.455331802368164,22.8907527923584,21.317401885986328,33.810848236083984,19.810853958129883,42.58165740966797,48.087135314941406,4.739999771118164,20.947490692138672,49.88619613647461,5.38690185546875,46.790000915527344,13.177006721496582,40.1856689453125,16.049022674560547,15.223284721374512,10.415404319763184,13.497292518615724,8.359999656677246,18.99874496459961
2004-01-31,6.82651424407959,16.37287139892578,22.44171524047852,21.976551055908203,33.17798614501953,17.555622100830078,38.0843391418457,46.655399322509766,4.84499979019165,19.031532287597656,51.278167724609375,5.363063335418701,49.08000183105469,13.426443099975586,43.31117248535156,13.990772247314451,15.956520080566406,10.907794952392578,12.606005668640137,7.650000095367432,17.070194244384766
2004-02-29,6.784029006958008,17.45835304260254,22.173315048217773,21.183015823364254,34.64147186279297,19.26618194580078,38.32466506958008,46.183143615722656,4.135000228881836,19.18617057800293,51.27907943725586,5.759101867675781,48.84999847412109,13.884599685668944,50.044212341308594,14.554133415222168,17.05830955505371,10.740625381469728,12.714335441589355,7.039999961853027,17.876392364501953
2004-03-31,6.015442371368408,17.969221115112305,23.28385734558105,19.578125,33.494415283203125,19.70281219482422,37.21515274047852,43.63449096679688,4.039999961853027,19.269433975219727,52.34814453125,5.830345153808594,35.790000915527344,13.98348331451416,48.73102951049805,14.47620964050293,16.826818466186523,9.988362312316896,12.458836555480955,7.610000133514404,18.37466812133789
2004-04-30,5.8860578536987305,17.9022159576416,22.68816566467285,18.16091728210449,30.14022254943848,19.47773742675781,40.05916976928711,46.91025924682617,5.25,20.237632751464844,47.08238220214844,5.9418158531188965,38.84999847412109,14.268864631652832,46.82912826538086,16.134607315063477,16.676652908325195,11.689492225646973,14.245804786682127,6.510000228881836,16.236967086791992
2004-05-31,5.181198120117188,16.92740821838379,21.817598342895508,18.182764053344727,34.28549575805664,20.30600929260254,42.8509521484375,45.32109451293945,6.034999847412109,20.357818603515625,44.41037368774414,6.438314914703369,37.16999816894531,15.791486740112305,51.48336410522461,16.744585037231445,18.65880584716797,11.777663230895996,15.264878273010254,7.559999942779541,18.2834529876709
2004-06-30,6.175724983215332,14.72362995147705,22.22307777404785,24.57691764831543,30.82847213745117,20.63461303710937,47.80986785888672,59.89341354370117,6.099999904632568,19.85797691345215,43.96165466308594,6.925696849822998,45.470001220703125,16.759958267211914,57.14651107788086,17.176607131958008,24.24232292175293,11.95080852508545,15.745067596435549,8.119999885559082,19.260480880737305
2004-07-31,6.467324733734131,14.547001838684082,22.45512580871582,25.970674514770508,32.94856643676758,20.170970916748047,48.64677047729492,59.72100830078125,6.40500020980835,18.886926651000977,45.32715225219727,7.282288551330566,41.59999847412109,16.856115341186523,60.018985748291016,17.407764434814453,26.791667938232425,12.507258415222168,16.464506149291992,8.279999732971191,20.93088722229004
2004-08-31,6.834237575531006,16.340206146240234,24.343786239624023,26.91201400756836,29.18302154541016,20.67512321472168,47.56425476074219,56.68510055541992,7.784999847412109,19.965749740600582,46.94596862792969,6.484025001525879,36.20000076293945,16.471118927001953,51.01089859008789,18.05163955688477,23.108402252197266,10.152422904968262,15.661728858947754,8.140000343322754,21.96579360961914
2004-09-30,7.359503269195557,17.13615608215332,24.52117156982422,27.97105026245117,31.580005645751957,24.114227294921875,49.41742706298828,60.66550064086914,7.875,20.665019989013672,48.74907684326172,6.504413604736328,39.22999954223633,16.426591873168945,52.16969680786133,18.746112823486328,24.936891555786133,10.571557998657228,16.12192153930664,8.75,24.034311294555664
2004-10-31,8.267128944396973,15.059774398803713,23.01527404785156,26.706281661987305,37.125484466552734,23.556049346923828,52.37053298950195,54.63869094848633,10.720000267028809,20.5632438659668,45.18978500366211,6.287928581237793,41.95000076293945,18.392654418945312,60.44503021240234,19.719764709472656,31.19364547729492,12.979314804077148,15.822134971618652,8.699999809265137,20.689393997192383
2004-11-30,7.635653018951416,15.409640312194824,24.19380569458008,26.31743431091309,41.48434448242188,21.88150978088379,52.23402786254883,56.58017349243164,12.71500015258789,21.554838180541992,46.00064468383789,6.45720100402832,42.72999954223633,18.33189010620117,53.55465698242188,21.054262161254883,26.699188232421875,13.727554321289062,16.028959274291992,9.90999984741211,22.795324325561523
2004-12-31,7.806558132171631,16.12650489807129,24.02371406555176,28.28830337524414,50.80329513549805,23.943174362182617,56.983245849609375,54.53373336791992,11.875,21.79653549194336,47.3133659362793,5.939431667327881,43.150001525878906,17.058340072631836,52.4262580871582,21.9685001373291,28.670215606689453,14.760616302490234,17.380516052246094,11.0,23.711706161499023
2005-01-31,8.924674987792969,17.764997482299805,23.91326332092285,30.127729415893555,46.10426712036133,24.88847541809082,50.18687438964844,50.665775299072266,13.664999961853027,21.185245513916016,52.5740852355957,6.043119430541992,41.650001525878906,16.97576141357422,51.996089935302734,20.70550346374512,29.346418380737305,14.514543533325195,16.992883682250977,10.630000114440918,20.978233337402344
2005-02-28,10.888626098632812,17.160839080810547,23.947097778320312,30.83247375488281,43.39878082275391,27.25172996520996,53.43898010253906,48.89670944213867,14.829999923706056,20.72836685180664,50.7579345703125,6.300163745880127,44.400001525878906,17.764347076416016,54.696895599365234,21.212377548217773,29.196918487548828,15.478769302368164,17.961994171142578,11.199999809265137,22.27544403076172
2005-03-31,9.43738842010498,15.772086143493652,23.107500076293945,23.75568389892578,41.4368896484375,27.79191017150879,56.897945404052734,52.25493621826172,19.114999771118164,22.933650970458984,44.24118423461914,6.925143241882324,40.68000030517578,18.11631202697754,56.562477111816406,22.05650520324707,26.25008773803711,16.616174697875977,18.942800521850582,12.020000457763672,19.625307083129883
2005-04-30,9.246210098266602,16.66826629638672,24.92399406433105,22.770736694335938,45.62171173095703,27.242733001708984,59.06733322143555,50.99560546875,16.84000015258789,22.74406242370605,45.35075759887695,7.362614154815674,42.650001525878906,18.812162399291992,52.39674758911133,23.649932861328125,25.725175857543945,17.09153175354004,21.233123779296875,13.079999923706056,20.641603469848636
2005-05-31,8.012221336364746,19.52219581604004,26.208860397338867,26.899490356445312,54.11002349853516,31.780187606811523,60.53842926025391,56.90250015258789,21.979999542236328,24.205989837646484,49.86685562133789,7.887423992156982,49.79999923706055,16.53853416442871,52.549922943115234,26.12502670288086,25.512250900268555,18.06032371520996,20.875173568725582,14.1899995803833,22.78975296020508
2005-06-30,7.76600456237793,19.0286922454834,25.567413330078125,28.45946884155273,60.52569580078125,28.37709617614746,62.590782165527344,53.251914978027344,19.21999931335449,23.376802444458008,51.81690216064453,8.40856647491455,50.040000915527344,18.209997177124023,56.25867462158203,25.479196548461918,26.66959571838379,21.093292236328125,20.85910987854004,14.449999809265137,22.74935340881348
2005-07-31,8.046980857849121,18.911094665527344,25.418739318847656,30.015567779541016,66.50627899169922,28.31407356262207,66.28419494628906,52.74967575073242,20.424999237060547,23.35253143310547,47.26241302490234,8.876567840576172,56.68999862670898,18.312820434570312,58.83805465698242,27.170948028564453,23.34973526000977,20.90544891357422,25.00532531738281,13.899999618530272,23.217588424682617
2005-08-31,9.011576652526855,19.075788497924805,26.500043869018555,28.88334846496582,65.39878845214844,26.56751251220703,64.34510803222656,48.16958999633789,16.795000076293945,23.06915664672852,47.41970443725586,9.256211280822754,54.2400016784668,20.46293830871582,55.20151901245117,24.52047538757324,24.498146057128903,19.4968204498291,24.778249740600582,13.630000114440918,23.577363967895508
2005-09-30,8.562589645385742,22.02132606506348,26.51936912536621,24.617748260498047,66.03162384033203,25.613204956054688,65.23178100585938,48.07964706420898,16.315000534057617,22.835447311401367,52.98229217529297,9.775357246398926,59.43000030517578,23.80678367614746,58.5765266418457,22.633420944213867,25.171607971191406,21.49972152709961,23.04523086547852,11.949999809265137,21.65396499633789
2005-10-31,9.046337127685549,21.52039909362793,29.44622039794922,26.052732467651367,69.12476348876953,27.458799362182617,64.83122253417969,42.31517791748047,16.315000534057617,23.21288681030273,56.61988830566406,9.912070274353027,60.29999923706055,24.492490768432617,65.24213409423828,24.70030975341797,28.555259704589844,21.97058486938477,23.154550552368164,12.130000114440918,23.58005142211914
2005-11-30,8.359824180603027,22.541767120361328,27.63516616821289,25.20012855529785,68.7529525756836,25.784263610839844,53.48894500732422,40.28376770019531,22.78499984741211,19.77590751647949,57.23782730102539,8.629207611083984,58.2599983215332,23.884611129760746,65.42687225341797,19.59550666809082,28.610855102539062,20.04237937927246,18.052215576171875,12.029999732971191,24.327451705932617
2005-12-31,8.342442512512207,21.867019653320312,27.23035049438477,23.75387382507324,70.01868438720703,24.586875915527344,57.9603157043457,37.562686920166016,24.145000457763672,20.584836959838867,58.88985443115234,8.583587646484375,61.56999969482422,23.56300926208496,62.626583099365234,19.80717658996582,27.55025100708008,17.344362258911133,21.073827743530277,14.829999923706056,26.120553970336918
2006-01-31,6.543603420257568,21.96159172058105,29.65772819519043,22.378013610839844,92.28763580322266,28.962282180786133,64.56330108642578,43.559532165527344,28.075000762939453,18.04673767089844,55.89326477050781,8.869356155395508,76.9800033569336,26.687965393066406,84.14947509765625,20.80451011657715,31.39724540710449,17.96588897705078,24.02854347229004,16.1200008392334,24.74317169189453
2006-02-28,6.526224136352539,21.176654815673828,26.964826583862305,20.128490447998047,82.35956573486328,26.396459579467773,61.48976516723633,41.4156608581543,28.895000457763672,17.587589263916016,54.205352783203125,9.536653518676758,78.04000091552734,26.72704696655273,78.45902252197266,18.528867721557617,29.2325382232666,16.327491760253906,24.42630958557129,15.0600004196167,23.096776962280277
2006-03-31,6.694230079650879,20.286495208740234,26.81852531433105,20.1882266998291,79.95467376708984,28.45812225341797,64.12914276123047,34.8116340637207,29.6299991607666,15.99084758758545,54.89545440673828,9.151984214782717,79.06999969482422,27.58923721313477,87.17308807373047,18.401500701904297,30.27056312561035,17.639944076538086,25.637237548828125,12.890000343322754,21.450403213500977
2006-04-30,8.443827629089355,21.94022560119629,24.43961334228516,20.740707397460938,59.750431060791016,27.629854202270508,61.86475372314453,34.92407989501953,31.850000381469727,17.01858901977539,51.85512161254883,8.542917251586914,57.29999923706055,26.960168838500977,77.4163589477539,18.85561752319336,26.485740661621094,17.049840927124023,25.042333602905277,13.449999809265137,19.54848861694336
2006-05-31,7.89345645904541,21.8538875579834,24.06018447875977,20.20618438720703,54.86155319213867,23.911664962768555,57.903602600097656,34.12200164794922,36.20500183105469,14.334295272827148,51.36294555664063,7.935644626617432,59.61000061035156,24.7696475982666,93.21102905273438,19.264310836791992,30.655447006225582,18.009172439575195,23.693897247314453,13.850000381469728,18.79570198059082
2006-06-30,9.22014045715332,20.87879180908203,25.71609306335449,19.298967361450195,52.59904098510742,24.316789627075195,58.979736328125,31.31848526000977,37.95000076293945,13.594040870666504,51.854305267333984,7.714010715484619,55.70000076293945,22.733327865600582,98.17588806152344,21.202228546142575,31.479869842529297,19.286813735961918,25.755699157714844,13.979999542236328,20.46856117248535
2006-07-31,8.892813682556152,24.573118209838867,26.814132690429688,17.76944923400879,71.52964782714844,24.280776977539062,66.81018829345703,31.385950088500977,38.94499969482422,15.08766746520996,50.3802375793457,8.227555274963379,61.459999084472656,24.837533950805664,109.55645751953124,21.217559814453125,36.74652099609375,20.516645431518555,27.848957061767575,14.470000267028809,21.91029930114746
2006-08-31,8.695838928222656,23.16011428833008,25.590898513793945,18.050926208496094,70.58036041259766,24.82095718383789,62.42252731323242,35.351348876953125,43.55500030517578,7.727077960968018,45.88708114624024,8.779019355773926,64.5,26.1709098815918,113.07058715820312,19.787994384765625,42.55573272705078,18.929018020629883,24.67938041687012,13.56999969482422,18.843942642211918
2006-09-30,10.630824089050291,20.16671562194824,26.085613250732425,19.044967651367188,64.36248016357422,24.60487937927246,66.21894073486328,46.9477424621582,46.619998931884766,6.7142720222473145,46.41461563110352,8.62586784362793,67.94000244140625,23.817630767822266,91.3688507080078,22.321590423583984,35.94021224975586,20.14780807495117,26.00696182250977,15.979999542236328,20.01987838745117
2006-10-31,8.209195137023926,18.662330627441406,26.27988815307617,18.71753692626953,54.94857025146485,28.45812225341797,72.66342163085938,44.4290657043457,40.52999877929688,6.85792875289917,45.36112594604492,8.060830116271973,58.18000030517578,18.838768005371094,84.94200897216797,23.22697257995605,26.02403450012207,21.420211791992188,28.978290557861328,15.170000076293944,20.08677101135254
2006-11-30,8.788535118103027,13.6899995803833,21.48496437072754,14.270706176757812,49.37934494018555,22.561235427856445,44.90276718139648,44.893821716308594,30.82999992370605,7.922334671020508,42.69830322265625,6.3734211921691895,43.79999923706055,16.172956466674805,67.1988525390625,18.26881980895996,15.900450706481934,17.580537796020508,21.144418716430664,13.59000015258789,17.55904197692871
2006-12-31,8.243958473205566,10.905648231506348,24.389379501342773,15.850069046020508,42.0776596069336,21.41786193847656,39.539398193359375,43.28966522216797,26.049999237060547,5.751277923583984,38.51912307739258,7.089845657348633,36.650001525878906,16.936073303222656,60.832462310791016,15.825835227966309,14.681963920593262,16.633695602416992,20.027868270874023,11.979999542236328,16.168590545654297
2007-01-31,6.804305553436279,9.409664154052734,22.00777816772461,13.672351837158203,44.41926193237305,24.307785034179688,24.38197898864746,37.12042617797852,37.2400016784668,3.159157514572144,33.64601516723633,5.94303560256958,36.95000076293945,17.341514587402344,52.41672134399414,9.98359489440918,12.561094284057615,14.514387130737305,13.76398468017578,14.630000114440918,15.98991584777832
2007-02-28,8.154159545898438,13.931922912597656,22.03281784057617,18.418954849243164,55.55768966674805,20.823671340942383,24.4355583190918,36.333343505859375,37.34999847412109,3.3297219276428223,38.97851943969727,6.062694549560547,44.16999816894531,17.559242248535156,59.718994140625,12.45364761352539,16.417922973632812,14.506549835205078,17.434782028198242,16.5,17.020238876342773
2007-03-31,9.724159240722656,13.45046043395996,22.375829696655277,18.2089958190918,57.54330825805664,25.379131317138672,24.21427345275879,39.68406677246094,38.93999862670898,3.002741813659668,41.02489471435547,6.427756309509277,51.470001220703125,19.397823333740234,59.1370735168457,12.341705322265623,16.87651824951172,15.484021186828612,18.47212219238281,15.619999885559082,15.87967586517334
2007-04-30,10.320877075195312,17.62401008605957,23.51861572265625,19.11096954345703,64.65516662597656,26.73857307434082,25.783897399902344,46.70787811279297,36.13999938964844,3.2851762771606445,48.13768768310547,6.990476608276367,50.25,19.290817260742188,68.94580841064453,13.324377059936523,18.009775161743164,16.288423538208008,21.83744239807129,15.399999618530272,16.893047332763672
2007-05-31,10.364330291748049,18.51123809814453,24.213119506835938,20.361061096191406,66.74360656738281,25.00101089477539,37.69145584106445,44.81135940551758,35.27000045776367,4.355462551116943,49.575626373291016,7.30436897277832,50.27999877929688,18.827117919921875,69.76708221435547,15.162039756774902,19.40292358398437,17.935108184814453,24.256254196166992,15.229999542236328,18.034120559692383
2007-06-30,8.814604759216309,19.162702560424805,25.026058197021484,19.377471923828125,72.77955627441406,25.65821647644043,37.004520416259766,45.1486930847168,42.5,4.623977184295654,50.74452209472656,7.322041034698486,55.86000061035156,18.89268493652344,75.41741180419922,17.226110458374023,22.19346618652344,18.12253189086914,24.14210700988769,17.09000015258789,18.518590927124023
2007-07-31,7.670412540435791,21.517772674560547,27.668764114379883,17.383926391601562,76.09417724609375,26.297422409057617,38.37984848022461,42.240211486816406,28.920000076293945,4.363366603851318,53.5943489074707,7.934442520141602,58.77999877929688,18.84461784362793,78.3637924194336,18.073389053344727,24.026554107666016,17.271167755126953,26.920011520385746,19.979999542236328,20.200428009033203
2007-08-31,8.892813682556152,21.72208976745605,27.48478507995605,20.8093204498291,83.97338104248047,27.665861129760746,44.00215911865234,42.40513229370117,30.68000030517578,3.946014881134033,57.21388626098633,8.675870895385742,61.959999084472656,20.189189910888672,84.85295867919922,19.153963088989254,24.699657440185547,17.562368392944336,27.75254249572754,19.90999984741211,19.742929458618164
2007-09-30,9.672019958496094,23.12778091430664,28.76784896850586,23.7998046875,77.00392150878906,30.89790153503418,46.50490188598633,44.85633850097656,38.900001525878906,5.863726615905762,58.216556549072266,8.708974838256836,67.54000091552734,18.12360000610352,83.59516143798828,22.395952224731445,24.806909561157227,18.87281990051269,30.482452392578125,18.739999771118164,20.00556755065918
2007-10-31,10.393292427062988,24.304515838623047,28.05625915527344,21.41434669494629,79.62242889404297,32.58143997192383,48.71319961547852,42.959842681884766,41.83000183105469,6.603227615356445,61.76932907104492,8.708974838256836,71.98999786376953,19.72599029541016,83.928955078125,25.89693069458008,25.23504447937012,18.897384643554688,30.321941375732425,17.040000915527344,20.10818862915039
2007-11-30,10.178940773010254,19.527494430541992,26.261737823486328,18.515783309936523,64.25170135498047,31.303028106689453,43.821685791015625,39.42919921875,43.52999877929688,4.921947002410889,55.37204360961914,8.09249496459961,64.69999694824219,19.452381134033203,69.43767547607422,23.99504280090332,20.283275604248047,16.477075576782227,30.495792388916016,15.520000457763672,17.082422256469727
2007-12-31,10.09783172607422,22.52468490600586,25.185441970825195,17.06411361694336,72.15463256835938,38.47832107543945,47.970821380615234,38.25983047485352,42.88999938964844,4.809745788574219,55.409549713134766,9.21676254272461,60.52000045776367,19.843542098999023,74.23601531982422,26.409528732299805,23.37910842895508,15.250289916992188,32.80814743041992,17.309999465942383,16.562685012817383
2008-01-31,11.045048713684082,27.26525115966797,27.65325736999512,20.55918312072754,80.96723937988281,39.44163513183594,48.649173736572266,41.31071853637695,49.20000076293945,5.445706367492676,61.165626525878906,9.79631519317627,70.77999877929688,20.75512313842773,80.77143096923828,27.60275650024414,27.406848907470703,15.563279151916504,33.83842468261719,20.15999984741211,18.292818069458008
2008-02-29,12.54842758178711,28.66903305053711,29.32444953918457,22.024667739868164,61.387977600097656,40.41395568847656,46.39046859741211,39.49666595458984,60.119998931884766,4.029971599578857,59.611419677734375,9.85607624053955,76.87000274658203,19.34342765808105,89.06511688232422,29.00117874145508,31.3599910736084,17.282407760620117,33.641578674316406,20.40999984741211,19.2056884765625
2008-03-31,13.89972972869873,31.157567977905277,30.68704414367676,24.31294250488281,64.28334045410156,44.38421249389648,51.22865676879883,41.153297424316406,63.34000015258789,5.25191593170166,61.25820159912109,9.912832260131836,77.70999908447266,20.17633628845215,98.65509796142578,30.423185348510746,33.918636322021484,18.77730941772461,34.81318283081055,20.76000022888184,20.80055046081543
2008-04-30,13.97793674468994,34.41118621826172,31.761228561401367,24.916797637939453,69.9474868774414,42.25054168701172,53.87189483642578,41.28822326660156,69.33999633789062,5.326944351196289,62.40810775756836,10.183984756469728,76.38999938964844,20.569583892822266,98.87894439697266,31.734968185424805,37.382774353027344,18.302661895751957,36.78999328613281,20.75,21.740663528442383
2008-05-31,13.369636535644531,34.6150016784668,33.1536865234375,25.457225799560547,68.38114929199219,47.3371696472168,56.08158874511719,38.477195739746094,69.4000015258789,5.732091903686523,65.86121368408203,10.124939918518066,83.05000305175781,20.7408390045166,103.23638153076172,32.27375411987305,39.06916046142578,18.815265655517575,36.76346206665039,22.1200008392334,22.848085403442383
2008-06-30,15.246684074401855,36.99152374267578,34.26474380493164,24.419771194458008,72.06759643554688,47.81430435180664,54.84732437133789,40.06636428833008,70.06999969482422,5.454427719116211,66.76811981201172,11.210210800170898,86.9000015258789,20.20628547668457,108.45536041259766,33.243263244628906,41.48289108276367,20.49037742614746,36.4150276184082,23.709999084472656,21.32623863220215
2008-07-31,16.219966888427734,39.42361068725586,36.8023681640625,22.11383056640625,80.2157211303711,48.588565826416016,58.06205368041992,45.38106536865234,72.08000183105469,5.304169178009033,67.79378509521484,12.46936321258545,98.55999755859376,21.482402801513672,103.34797668457033,36.43734359741211,41.81519317626953,21.353252410888672,37.82334899902344,25.40999984741211,22.149452209472656
2008-08-31,16.206932067871094,38.19577407836914,35.420265197753906,21.68070602416992,79.91513061523438,46.6889533996582,54.78178024291992,43.73941802978516,75.1500015258789,4.665503978729248,68.13136291503906,12.482266426086426,95.73999786376952,21.15500831604004,102.34437561035156,35.56235122680664,42.52392578125,20.103660583496094,35.73011779785156,26.780000686645508,21.065980911254883
2008-09-30,13.956212043762209,30.95852851867676,33.63849258422852,19.309329986572266,74.39337921142578,44.41123580932617,51.51980209350586,41.75467300415039,52.09999847412109,3.4163527488708496,60.00693893432617,13.04301929473877,79.87000274658203,22.120723724365234,85.5923080444336,36.2617416381836,37.07375717163086,18.50017738342285,36.33727645874024,25.229999542236328,18.70269012451172
2008-10-31,12.587531089782717,25.831199645996094,31.941593170166016,17.129764556884766,70.27182006835938,42.709693908691406,43.77137756347656,41.42304992675781,40.91999816894531,2.5122690200805664,51.91489791870117,12.78880500793457,75.48999786376953,21.8560733795166,66.63360595703125,30.921844482421875,25.501264572143555,17.107595443725586,33.84789276123047,25.280000686645508,18.27983283996582
2008-11-30,15.881054878234863,29.619365692138672,35.45076370239258,21.335521697998047,75.95179748535156,48.47352600097656,47.122501373291016,43.1640853881836,30.6200008392334,2.964930295944214,57.143253326416016,13.584033012390137,80.12000274658203,22.07220458984375,82.87310028076172,34.981590270996094,31.216495513916016,18.008174896240234,38.10286331176758,31.56999969482422,20.41839408874512
2008-12-31,16.8630313873291,29.868148803710938,34.61072540283203,21.50172615051269,79.12403869628906,48.08514404296875,46.744606018066406,43.86065673828125,27.81999969482422,3.1007285118103027,59.01810836791992,13.10234260559082,80.0,21.574443817138672,82.715087890625,32.90103912353516,30.83108329772949,17.850645065307617,36.15010833740234,32.04999923706055,20.397367477416992
2009-01-31,18.518484115600582,38.20231246948242,37.39379119873047,22.47575569152832,94.89820861816406,51.12126541137695,51.99333190917969,51.44974136352539,51.86000061035156,3.9479479789733887,63.14732360839844,12.160813331604004,86.56999969482422,20.08251953125,82.37874603271484,35.87257766723633,30.8143253326416,18.841136932373047,40.39957809448242,35.130001068115234,22.300743103027344
2009-02-28,18.90519523620605,41.09481048583984,37.079776763916016,23.19532012939453,110.89391326904295,52.38933181762695,51.4763298034668,51.787109375,51.25,4.356355667114258,64.22612762451172,12.97201442718506,89.5999984741211,20.373754501342773,89.91848754882812,34.27021408081055,30.655147552490234,19.362438201904297,38.7436752319336,37.77000045776367,22.152114868164062
2009-03-31,19.32232093811035,41.18048477172852,38.24758529663086,24.313064575195312,129.89569091796875,52.640045166015625,54.16035079956055,54.14765548706055,44.52999877929688,5.106377124786377,65.51654052734375,13.45122528076172,84.11000061035156,20.86051750183105,80.07685852050781,37.218040466308594,28.74131393432617,20.993711471557617,41.18627166748047,39.95000076293945,21.92564392089844
2009-04-30,18.926916122436523,35.52647399902344,35.86139678955078,23.30847930908203,129.03343200683594,51.06003952026367,49.490360260009766,53.207515716552734,43.060001373291016,4.765446662902832,62.31591796875,13.60094928741455,79.77999877929688,20.887306213378903,67.92427062988281,37.01207733154297,25.247339248657227,22.349645614624023,41.207279205322266,37.29999923706055,21.434762954711918
2009-05-31,18.42289161682129,40.11118316650391,39.18585968017578,22.152076721191406,140.95501708984375,52.81768798828125,53.51193237304688,63.218379974365234,41.470001220703125,5.281586170196533,67.35081481933594,14.158974647521973,77.4800033569336,22.51543617248535,72.02345275878906,38.5616569519043,27.90963554382324,23.35683822631836,47.63124084472656,39.02000045776367,23.60850524902344
2009-06-30,19.457008361816406,42.39753723144531,40.24605178833008,21.682933807373047,156.3573760986328,53.29106140136719,53.81779098510742,64.51110076904297,42.08000183105469,5.281586170196533,68.79769134521484,13.843761444091797,80.19000244140625,21.44520378112793,71.71402740478516,36.78919982910156,27.67384147644043,22.2166805267334,46.38467788696289,40.2599983215332,24.020164489746094
2009-07-31,21.88587760925293,45.6611328125,40.31575393676758,22.169363021850582,142.86155700683594,54.25227737426758,51.66175842285156,66.48670959472656,47.5,4.954451560974121,65.08291625976562,14.712821006774902,81.80999755859375,21.94854736328125,69.31278991699219,35.1668701171875,27.27682113647461,25.36565589904785,45.23379135131836,47.810001373291016,23.650522232055664
2009-08-31,21.794633865356445,46.90206527709961,39.58323669433594,23.429065704345703,146.95138549804688,54.69044494628906,49.82063293457031,68.551025390625,53.709999084472656,5.068434715270996,68.0198745727539,13.53329086303711,84.55000305175781,20.612728118896484,64.59529113769531,34.00300598144531,28.17224884033203,25.440990447998047,45.50545501708984,46.91999816894531,23.73806571960449
2009-09-30,22.34210777282715,52.700103759765625,40.0157585144043,26.38048553466797,163.12112426757812,54.29792022705078,51.26277542114258,66.54388427734375,55.59000015258789,5.426006317138672,69.44086456298828,13.20405101776123,87.12000274658203,21.215511322021484,65.77674102783203,35.19364547729492,29.384143829345703,25.780017852783203,46.715576171875,48.43999862670898,23.137784957885746
2009-10-31,24.2973690032959,55.100833892822266,41.674591064453125,29.215856552124023,170.4228057861328,57.10110092163086,53.614402770996094,65.97262573242188,50.630001068115234,5.920665740966797,75.19952392578125,14.020302772521973,91.56999969482422,21.617637634277344,70.33213806152344,34.39871597290039,34.457977294921875,27.976930618286133,47.84880828857422,54.04999923706055,24.290956497192383
2009-11-30,23.45008850097656,54.00114440917969,43.12957382202149,29.606449127197266,167.35345458984375,59.01424026489258,52.608665466308594,71.058837890625,50.130001068115234,5.821732521057129,78.26004028320312,14.84535026550293,92.72000122070312,22.595218658447266,62.36353302001953,34.181365966796875,35.1610221862793,28.54866600036621,51.08974456787109,56.400001525878906,24.633188247680664
2009-12-31,25.092504501342773,51.82841491699219,47.66376876831055,27.332874298095703,169.37063598632812,54.73732376098633,54.26993560791016,80.88520050048828,64.69000244140625,6.468939781188965,78.79431915283203,17.09674835205078,92.4000015258789,25.658493041992188,62.21017456054688,36.32077026367188,36.34011459350586,30.264657974243164,58.0190658569336,63.2400016784668,27.088314056396484
2010-01-31,28.06450462341309,55.77096176147461,48.64054489135742,29.078598022460938,160.30490112304688,53.63597106933594,51.08549499511719,78.3735122680664,70.31999969482422,6.956587314605713,83.45132446289062,16.196882247924805,96.70999908447266,23.15642547607422,69.15703582763672,35.376163482666016,35.55841827392578,32.487342834472656,52.00078201293945,69.01000213623047,27.698373794555664
2010-02-28,28.46859359741211,62.81557846069336,51.35383987426758,31.15326690673828,141.88058471679688,58.82537078857422,51.61677932739258,84.4232177734375,79.81999969482422,7.651997566223144,88.86994171142578,17.342817306518555,100.94000244140624,23.94455909729004,67.73819732666016,35.28874588012695,38.51133346557617,35.04659652709961,48.35261917114258,74.62000274658203,29.606447219848636
2010-03-31,29.97413825988769,61.07530975341797,51.86639404296875,32.792110443115234,145.28224182128906,61.02487564086914,48.618431091308594,87.6350326538086,80.83000183105469,7.100724697113037,90.86832427978516,16.89441680908203,106.20999908447266,23.599475860595703,71.86578369140625,33.998199462890625,41.13980865478516,39.10432815551758,45.7337532043457,87.47000122070312,30.507265090942383
2010-04-30,30.567237854003903,61.77309036254883,53.76533889770508,32.37202072143555,127.56201171875,65.90744018554688,50.088035583496094,90.93936920166016,93.51000213623048,7.384446620941162,95.76901245117188,17.33845329284668,100.91999816894533,24.007965087890625,75.12103271484375,33.23027801513672,45.309326171875,46.047149658203125,48.51497650146485,96.70999908447266,31.989614486694336
2010-05-31,34.55596923828125,63.56900405883789,58.25620269775391,35.42980194091797,140.3775177001953,70.43909454345703,48.963714599609375,89.69890594482422,110.58999633789062,7.607691287994385,107.25077056884766,16.47457504272461,100.0,23.215845108032227,72.70159149169922,33.33720779418945,43.48665618896485,46.72335052490234,43.15098190307617,102.12999725341795,34.456748962402344
2010-06-30,35.35110092163086,61.4106559753418,55.22804260253906,35.25260162353516,146.50845336914062,67.77276611328125,53.9739875793457,93.52806091308594,152.0,7.823076248168945,98.0283432006836,16.63093376159668,108.2699966430664,24.15780639648437,68.05500030517578,35.59312057495117,41.99569320678711,45.2787971496582,47.00051498413086,105.4499969482422,31.914878845214844
2010-07-31,34.69934844970703,68.87037658691406,56.07880401611328,34.69878005981445,150.2739715576172,72.30638122558594,55.75952911376953,98.01150512695312,171.49000549316406,8.184616088867188,103.7065200805664,16.98014259338379,111.4000015258789,26.56344985961914,67.23251342773438,37.579078674316406,48.84217834472656,43.49435806274414,47.0306396484375,93.77999877929688,31.86909866333008
2010-08-31,36.98048782348633,68.18528747558594,56.04924392700195,35.5548095703125,146.22364807128906,71.91777801513672,56.39663314819336,97.47411346435548,148.66000366210938,8.569958686828613,104.42239379882812,17.00885772705078,108.41000366210938,27.920902252197266,70.33594512939453,37.59879684448242,50.59481430053711,42.03435516357422,46.155006408691406,83.68000030517578,32.51012420654297
2010-09-30,39.51580429077149,68.9445571899414,56.55706787109375,37.97034454345703,148.57315063476562,70.26433563232422,57.37596130371094,88.31465911865234,135.85000610351562,7.821723937988281,107.06255340576172,17.777099609375,98.54000091552734,29.99263381958008,73.81974792480469,38.5389289855957,54.18601608276367,41.48984146118164,50.35369491577149,81.6500015258789,31.907251358032227
2010-10-31,41.50366973876953,69.35675048828125,57.86450958251953,40.62835311889648,166.1984405517578,74.69818878173828,60.91363525390625,94.05992889404295,178.5399932861328,8.229877471923828,110.93336486816406,18.52337074279785,104.44000244140624,30.14561653137207,85.57308197021484,41.18021774291992,61.14951705932617,40.34212493896485,49.3972282409668,91.20999908447266,31.9932918548584
2010-11-30,41.37329864501953,62.55207824707031,59.34613037109375,41.402793884277344,169.7029266357422,76.21216583251953,61.66681289672852,101.22742462158205,159.91000366210938,7.857903003692627,109.11339569091795,17.63854217529297,103.44000244140624,25.992189407348636,87.52921295166016,42.258750915527344,59.410003662109375,39.0713119506836,48.93486404418945,90.7300033569336,31.859031677246094
2010-12-31,46.03985977172852,64.49756622314453,60.98816680908203,41.85125350952149,168.0891571044922,81.49320220947266,58.4301872253418,112.1505355834961,163.9199981689453,7.819511890411377,110.3794403076172,17.922218322753906,99.12000274658205,27.80323600769043,80.03477478027344,40.577754974365234,55.67603302001953,42.916114807128906,48.2809944152832,88.4000015258789,34.33721923828125
2011-01-31,47.49326705932617,64.40984344482422,68.37853240966797,46.78799819946289,171.74261474609375,82.07671356201172,65.75872039794922,129.49288940429688,192.5800018310547,7.7338361740112305,119.79843139648438,17.980810165405273,110.8000030517578,30.841886520385746,66.04835510253906,45.83612060546875,47.589168548583984,49.26071548461914,53.393550872802734,111.91999816894533,36.769569396972656
2011-02-28,50.60213088989258,60.80754089355469,70.11092376708984,50.021240234375,186.4011383056641,85.97491455078125,70.89067840576172,127.67133331298828,184.5800018310547,8.264044761657715,128.70489501953125,17.32347297668457,112.72000122070312,31.19857215881348,53.61724090576172,47.65814971923828,34.0963134765625,51.173484802246094,56.48891067504883,109.44000244140624,36.16639709472656
2011-03-31,50.38054275512695,55.834503173828125,72.43672943115234,52.02455520629883,192.81613159179688,90.68079376220705,78.9186019897461,128.7985076904297,185.63999938964844,7.434304714202881,130.00189208984375,15.256793022155762,124.31999969482422,31.88280296325684,51.82338333129883,52.008819580078125,38.20097351074219,57.99845504760742,58.136566162109375,120.52999877929688,39.18654251098633
2011-04-30,46.35921859741211,61.44536590576172,71.50634765625,47.66624450683594,211.92800903320312,94.07414245605467,74.36249542236328,127.23538208007812,184.25,7.733248710632324,123.25547790527344,15.67540168762207,125.19000244140624,31.593788146972656,58.964962005615234,49.3369026184082,42.61481475830078,51.42477798461914,54.85633850097656,121.9499969482422,38.21515274047852
2011-05-31,44.71680450439453,66.2973861694336,68.2630386352539,47.87384796142578,211.66346740722656,94.48667907714844,71.01705932617188,124.30785369873048,218.3600006103516,8.196817398071289,122.37731170654295,14.403470993041992,128.3800048828125,30.162446975708008,49.68056106567383,47.235816955566406,37.64506530761719,56.05763626098633,50.02691268920898,129.3800048828125,37.31202697753906
2011-06-30,47.675758361816406,63.52620315551758,67.87166595458984,47.46843719482422,232.4214630126953,99.41487121582033,75.28002166748047,142.9881134033203,219.3000030517578,8.220551490783691,120.02969360351562,14.638103485107422,133.49000549316406,31.99768829345703,39.73023986816406,50.359283447265625,36.52628707885742,57.889625549316406,54.05548858642578,139.5399932861328,37.26506423950195
2011-07-31,43.335086822509766,58.713111877441406,65.78709411621094,44.176300048828125,226.2141265869141,80.59777069091797,69.82341766357422,123.47064971923828,197.6100006103516,7.587593555450439,113.51758575439452,14.276023864746094,121.37999725341795,30.907299041748047,39.19312286376953,47.96282958984375,34.5547981262207,54.00260543823242,38.82022476196289,138.0399932861328,35.86762237548828
2011-08-31,39.75696563720703,52.74106597900391,68.8047866821289,44.28883743286133,229.2579345703125,83.41752624511719,69.35910034179688,112.52117919921876,175.82000732421875,7.17391300201416,113.22210693359376,13.831337928771973,118.20999908447266,32.69795227050781,33.92577362060547,50.9573974609375,31.04224395751953,52.329837799072266,40.10875701904297,149.30999755859375,38.25291442871094
2011-09-30,41.52320861816406,59.20331954956055,73.85641479492188,44.48023986816406,258.6194763183594,94.49169921875,75.4373550415039,131.71568298339844,183.8999938964844,8.07363510131836,125.8714828491211,13.182442665100098,132.82000732421875,30.324710845947266,42.842769622802734,54.145626068115234,34.99388122558594,61.09454727172852,38.16269302368164,178.44000244140625,43.9227294921875
2011-10-31,38.49906921386719,55.37398147583008,72.98599243164062,40.96909713745117,265.25396728515625,91.00250244140624,74.64657592773438,132.72134399414062,191.9499969482422,7.691551208496094,121.09642028808594,14.279033660888672,134.5800018310547,30.312753677368164,38.73969650268555,55.73138427734375,30.02750587463379,58.35233688354492,40.909446716308594,174.32000732421875,42.821624755859375
2011-11-30,42.07719421386719,52.61800384521485,72.96012115478516,34.42692565917969,266.385498046875,91.41931915283205,65.39425659179688,117.1373519897461,150.24000549316406,6.025049209594727,127.01569366455078,14.69383144378662,120.30999755859376,33.42316436767578,33.59087371826172,50.88162612915039,28.632051467895508,60.22370529174805,40.35847473144531,120.31999969482422,41.98225402832031
2011-12-31,45.37506866455078,59.640869140625,77.7669677734375,40.71099853515625,291.73486328125,98.39120483398438,75.75728607177734,123.43548583984376,162.11000061035156,6.336677074432373,134.91822814941406,16.499996185302734,131.9199981689453,37.27566146850586,42.83098983764648,57.8159408569336,31.68329429626465,67.31228637695312,46.2210807800293,128.61000061035156,44.12263107299805
2012-01-31,41.94032287597656,60.57389450073242,76.14588165283203,36.552345275878906,320.9652404785156,101.18677520751952,80.76664733886719,130.89431762695312,144.8300018310547,7.934971809387207,137.19410705566406,17.980606079101562,137.5500030517578,35.38578414916992,50.36948013305664,53.33121871948242,37.57186126708984,73.0283432006836,48.69512176513672,153.2899932861328,44.65285110473633
2012-02-29,39.307247161865234,56.42157745361328,80.12828063964844,33.53781509399414,343.7787170410156,105.88277435302734,86.98645782470703,126.08785247802734,140.3800048828125,6.915165901184082,142.73663330078125,19.15377426147461,140.64999389648438,37.19318389892578,49.07365036010742,53.48306274414063,40.34209442138672,73.80651092529297,54.05229949951172,166.7100067138672,49.00117874145508
2012-03-31,46.35921859741211,56.41325378417969,78.33155059814453,33.88076400756836,328.4305114746094,106.00936126708984,92.5071258544922,141.74925231933594,168.33999633789062,8.101554870605469,147.0050811767578,18.138877868652344,157.30999755859375,34.12101745605469,44.01069641113281,50.36943435668945,38.311180114746094,79.71688079833984,53.94095230102539,163.9499969482422,50.3491325378418
2012-04-30,44.71680450439453,56.63852691650391,77.38372802734375,33.4653205871582,320.9468688964844,104.63965606689452,92.05232238769533,139.04026794433594,181.66000366210935,8.07335376739502,144.53640747070312,18.752384185791016,158.49000549316406,33.73134231567383,56.5586166381836,52.75028610229492,40.14411544799805,72.57618713378906,52.98049545288086,171.22999572753906,48.02547073364258
2012-05-31,48.672943115234375,60.1784553527832,76.38353729248047,33.07639694213867,318.3009948730469,103.75418090820312,91.23988342285156,117.66036987304688,136.13999938964844,8.76045036315918,135.57211303710938,18.405271530151367,139.13999938964844,33.9005241394043,52.88155364990234,50.63468933105469,41.14593124389648,74.1990737915039,50.820159912109375,160.39999389648438,46.19428634643555
2012-06-30,56.89806365966797,62.86478042602539,84.2447509765625,39.85849380493164,303.4352111816406,108.46768188476562,92.7462921142578,120.89710998535156,133.13999938964844,11.07530117034912,141.75698852539062,19.4802303314209,134.57000732421875,33.28019332885742,58.6338119506836,49.2078971862793,47.48776245117188,79.19578552246094,45.32184219360352,148.89999389648438,49.33248519897461
